ISO-10303-21;
HEADER;
FILE_DESCRIPTION (( 'STEP AP214' ),
    '1' );
FILE_NAME ('ECWFG2J105P1.STEP',
    '2021-03-29T00:46:08',
    ( '' ),
    ( '' ),
    'SwSTEP 2.0',
    'SolidWorks 2017',
    '' );
FILE_SCHEMA (( 'AUTOMOTIVE_DESIGN' ));
ENDSEC;

DATA;
#1 = CARTESIAN_POINT ( 'NONE',  ( 6.750000000000007100, 0.0000000000000000000, 5.250000000000000000 ) ) ;
#2 = DIRECTION ( 'NONE',  ( 0.0000000000000000000, 0.0000000000000000000, -1.000000000000000000 ) ) ;
#3 = ORIENTED_EDGE ( 'NONE', *, *, #227, .F. ) ;
#4 = DIRECTION ( 'NONE',  ( 0.0000000000000000000, -1.000000000000000000, 0.0000000000000000000 ) ) ;
#5 = EDGE_LOOP ( 'NONE', ( #512, #203, #1031, #535 ) ) ;
#6 = AXIS2_PLACEMENT_3D ( 'NONE', #1481, #498, #963 ) ;
#7 = EDGE_CURVE ( 'NONE', #1318, #1276, #594, .T. ) ;
#8 = DIRECTION ( 'NONE',  ( 0.0000000000000000000, 0.0000000000000000000, 1.000000000000000000 ) ) ;
#9 = VERTEX_POINT ( 'NONE', #125 ) ;
#10 = DIRECTION ( 'NONE',  ( 0.0000000000000000000, 0.0000000000000000000, 1.000000000000000000 ) ) ;
#11 = CIRCLE ( 'NONE', #14, 1.000000000000000000 ) ;
#12 = DIRECTION ( 'NONE',  ( -0.0000000000000000000, -0.7071067811865463500, 0.7071067811865487900 ) ) ;
#13 = CYLINDRICAL_SURFACE ( 'NONE', #762, 0.4999999999999989500 ) ;
#14 = AXIS2_PLACEMENT_3D ( 'NONE', #292, #1099, #54 ) ;
#15 = VERTEX_POINT ( 'NONE', #130 ) ;
#16 = LINE ( 'NONE', #863, #1419 ) ;
#17 = ORIENTED_EDGE ( 'NONE', *, *, #1467, .T. ) ;
#18 = ORIENTED_EDGE ( 'NONE', *, *, #1484, .T. ) ;
#19 = CARTESIAN_POINT ( 'NONE',  ( -5.750000000000003600, 1.000000000000000000, 4.549999999999997200 ) ) ;
#20 = DIRECTION ( 'NONE',  ( -6.122553444624023000E-016, 0.0000000000000000000, -1.000000000000000000 ) ) ;
#21 = DIRECTION ( 'NONE',  ( -0.0000000000000000000, -1.000000000000000000, -0.0000000000000000000 ) ) ;
#22 = VERTEX_POINT ( 'NONE', #830 ) ;
#23 = EDGE_CURVE ( 'NONE', #1180, #845, #698, .T. ) ;
#24 = FACE_OUTER_BOUND ( 'NONE', #1490, .T. ) ;
#25 = ORIENTED_EDGE ( 'NONE', *, *, #23, .F. ) ;
#26 = CARTESIAN_POINT ( 'NONE',  ( 12.49999999999999800, 1.200000000000000000, 4.549999999999999800 ) ) ;
#27 = SPHERICAL_SURFACE ( 'NONE', #587, 1.000000000000000000 ) ;
#28 = CARTESIAN_POINT ( 'NONE',  ( -11.25000000000000000, -19.99999999999999600, -0.4999999999999989500 ) ) ;
#29 = CARTESIAN_POINT ( 'NONE',  ( -11.25000000000000000, 1.200000000000000000, 0.0000000000000000000 ) ) ;
#30 = FACE_OUTER_BOUND ( 'NONE', #767, .T. ) ;
#31 = EDGE_LOOP ( 'NONE', ( #247, #1175, #954, #384, #1024, #677, #904, #1043 ) ) ;
#32 = FILL_AREA_STYLE ('',( #1450 ) ) ;
#33 = EDGE_CURVE ( 'NONE', #81, #327, #962, .T. ) ;
#34 =( NAMED_UNIT ( * ) PLANE_ANGLE_UNIT ( ) SI_UNIT ( $, .RADIAN. ) );
#35 = CARTESIAN_POINT ( 'NONE',  ( -12.79999999999999700, 0.0000000000000000000, -2.624999999999986700 ) ) ;
#36 = VERTEX_POINT ( 'NONE', #931 ) ;
#37 = DIRECTION ( 'NONE',  ( 0.0000000000000000000, 0.0000000000000000000, -1.000000000000000000 ) ) ;
#38 = ADVANCED_FACE ( 'NONE', ( #1124 ), #597, .F. ) ;
#39 = EDGE_LOOP ( 'NONE', ( #372, #1198, #1128, #807 ) ) ;
#40 = CARTESIAN_POINT ( 'NONE',  ( 6.750000000000007100, 0.0000000000000000000, 5.250000000000000000 ) ) ;
#41 = AXIS2_PLACEMENT_3D ( 'NONE', #483, #1414, #257 ) ;
#42 = DIRECTION ( 'NONE',  ( -0.0000000000000000000, -1.000000000000000000, -0.0000000000000000000 ) ) ;
#43 = DIRECTION ( 'NONE',  ( -0.0000000000000000000, 1.000000000000000000, -0.0000000000000000000 ) ) ;
#44 = CARTESIAN_POINT ( 'NONE',  ( 12.80000000000000400, 1.200000000000000000, 4.250000000000000000 ) ) ;
#45 = LINE ( 'NONE', #784, #209 ) ;
#46 = EDGE_CURVE ( 'NONE', #565, #800, #737, .T. ) ;
#47 = DIRECTION ( 'NONE',  ( -1.000000000000000000, 0.0000000000000000000, 0.0000000000000000000 ) ) ;
#48 = FACE_OUTER_BOUND ( 'NONE', #602, .T. ) ;
#49 = CARTESIAN_POINT ( 'NONE',  ( 12.49999999999999800, 17.99999999999999300, -5.250000000000000000 ) ) ;
#50 = ADVANCED_FACE ( 'NONE', ( #30 ), #1279, .T. ) ;
#51 = LINE ( 'NONE', #868, #716 ) ;
#52 = CARTESIAN_POINT ( 'NONE',  ( -13.50000000000000000, -19.99999999999999600, 5.250000000000000000 ) ) ;
#53 = ORIENTED_EDGE ( 'NONE', *, *, #1384, .F. ) ;
#54 = DIRECTION ( 'NONE',  ( 0.0000000000000000000, 0.0000000000000000000, -1.000000000000000000 ) ) ;
#55 = MANIFOLD_SOLID_BREP ( 'Pin[1]', #1013 ) ;
#56 = ORIENTED_EDGE ( 'NONE', *, *, #84, .F. ) ;
#57 = LINE ( 'NONE', #142, #646 ) ;
#58 = VERTEX_POINT ( 'NONE', #722 ) ;
#59 = CARTESIAN_POINT ( 'NONE',  ( 12.80000000000000100, 7.703719777548943400E-031, -2.624999999999986700 ) ) ;
#60 = STYLED_ITEM ( 'NONE', ( #118 ), #547 ) ;
#61 = DIRECTION ( 'NONE',  ( -0.0000000000000000000, -1.000000000000000000, -0.0000000000000000000 ) ) ;
#62 = CARTESIAN_POINT ( 'NONE',  ( -12.50000000000000000, 18.99999999999999300, 4.250000000000000000 ) ) ;
#63 = EDGE_CURVE ( 'NONE', #36, #132, #96, .T. ) ;
#64 = DIRECTION ( 'NONE',  ( -0.0000000000000000000, 1.000000000000000000, -0.0000000000000000000 ) ) ;
#65 = DIRECTION ( 'NONE',  ( 0.7071067811865463500, 0.7071067811865487900, 0.0000000000000000000 ) ) ;
#66 = ORIENTED_EDGE ( 'NONE', *, *, #108, .F. ) ;
#67 = CARTESIAN_POINT ( 'NONE',  ( -12.50000000000000000, 17.99999999999999600, -5.250000000000000000 ) ) ;
#68 = ORIENTED_EDGE ( 'NONE', *, *, #1511, .T. ) ;
#69 = AXIS2_PLACEMENT_3D ( 'NONE', #1287, #840, #605 ) ;
#70 = LINE ( 'NONE', #441, #555 ) ;
#71 = EDGE_LOOP ( 'NONE', ( #222, #1296 ) ) ;
#72 = CARTESIAN_POINT ( 'NONE',  ( 6.750000000000007100, 0.0000000000000000000, -5.250000000000000000 ) ) ;
#73 = ADVANCED_FACE ( 'NONE', ( #1347 ), #1104, .F. ) ;
#74 = EDGE_CURVE ( 'NONE', #132, #972, #230, .T. ) ;
#75 = FACE_OUTER_BOUND ( 'NONE', #148, .T. ) ;
#76 = CARTESIAN_POINT ( 'NONE',  ( -13.50000000000000400, 1.000000000000000000, 1.624999999999995300 ) ) ;
#77 = VECTOR ( 'NONE', #231, 1000.000000000000000 ) ;
#78 = CARTESIAN_POINT ( 'NONE',  ( 13.50000000000000000, 0.0000000000000000000, 4.250000000000000000 ) ) ;
#79 = VERTEX_POINT ( 'NONE', #834 ) ;
#80 = DIRECTION ( 'NONE',  ( 0.0000000000000000000, 0.0000000000000000000, -1.000000000000000000 ) ) ;
#81 = VERTEX_POINT ( 'NONE', #373 ) ;
#82 = AXIS2_PLACEMENT_3D ( 'NONE', #924, #440, #1394 ) ;
#83 = DIRECTION ( 'NONE',  ( -0.0000000000000000000, -0.0000000000000000000, -1.000000000000000000 ) ) ;
#84 = EDGE_CURVE ( 'NONE', #959, #926, #683, .T. ) ;
#85 = DIRECTION ( 'NONE',  ( 1.000000000000000000, 0.0000000000000000000, -0.0000000000000000000 ) ) ;
#86 = VERTEX_POINT ( 'NONE', #601 ) ;
#87 = CARTESIAN_POINT ( 'NONE',  ( -6.750000000000000000, 0.0000000000000000000, 5.250000000000000000 ) ) ;
#88 = ADVANCED_FACE ( 'NONE', ( #333 ), #480, .F. ) ;
#89 = PRODUCT_DEFINITION ( 'UNKNOWN', '', #494, #1071 ) ;
#90 = VECTOR ( 'NONE', #324, 1000.000000000000000 ) ;
#91 = VERTEX_POINT ( 'NONE', #887 ) ;
#92 = EDGE_CURVE ( 'NONE', #566, #254, #57, .T. ) ;
#93 = ORIENTED_EDGE ( 'NONE', *, *, #689, .T. ) ;
#94 = LINE ( 'NONE', #306, #1437 ) ;
#95 = EDGE_LOOP ( 'NONE', ( #743, #702, #1369, #1077 ) ) ;
#96 = LINE ( 'NONE', #275, #195 ) ;
#97 = CARTESIAN_POINT ( 'NONE',  ( -12.50000000000000000, -0.0000000000000000000, -4.549999999999998900 ) ) ;
#98 = UNCERTAINTY_MEASURE_WITH_UNIT (LENGTH_MEASURE( 1.000000000000000100E-005 ), #1228, 'distance_accuracy_value', 'NONE');
#99 = ORIENTED_EDGE ( 'NONE', *, *, #794, .F. ) ;
#100 = AXIS2_PLACEMENT_3D ( 'NONE', #768, #510, #1325 ) ;
#101 = DIRECTION ( 'NONE',  ( 1.000000000000000000, -0.0000000000000000000, -0.0000000000000000000 ) ) ;
#102 = VECTOR ( 'NONE', #758, 1000.000000000000000 ) ;
#103 = VECTOR ( 'NONE', #711, 1000.000000000000000 ) ;
#104 = VERTEX_POINT ( 'NONE', #179 ) ;
#105 = LINE ( 'NONE', #1025, #1314 ) ;
#106 = DIRECTION ( 'NONE',  ( 0.0000000000000000000, -0.0000000000000000000, 1.000000000000000000 ) ) ;
#107 = VECTOR ( 'NONE', #1081, 1000.000000000000000 ) ;
#108 = EDGE_CURVE ( 'NONE', #926, #86, #1041, .T. ) ;
#109 = LINE ( 'NONE', #1238, #1295 ) ;
#110 = DIRECTION ( 'NONE',  ( 0.0000000000000000000, 1.000000000000000000, 0.0000000000000000000 ) ) ;
#111 = ORIENTED_EDGE ( 'NONE', *, *, #114, .F. ) ;
#112 = CARTESIAN_POINT ( 'NONE',  ( -13.50000000000000400, 0.0000000000000000000, 2.624999999999998700 ) ) ;
#113 = MECHANICAL_DESIGN_GEOMETRIC_PRESENTATION_REPRESENTATION (  '', ( #1365 ), #862 ) ;
#114 = EDGE_CURVE ( 'NONE', #288, #287, #401, .T. ) ;
#115 = DIRECTION ( 'NONE',  ( 0.0000000000000000000, -1.000000000000000000, 0.0000000000000000000 ) ) ;
#116 = EDGE_LOOP ( 'NONE', ( #501, #614, #429, #1440 ) ) ;
#117 = DIRECTION ( 'NONE',  ( 0.0000000000000000000, -1.000000000000000000, 0.0000000000000000000 ) ) ;
#118 = PRESENTATION_STYLE_ASSIGNMENT (( #491 ) ) ;
#119 = CARTESIAN_POINT ( 'NONE',  ( 6.750000000000007100, 0.0000000000000000000, 5.250000000000000000 ) ) ;
#120 = SURFACE_STYLE_FILL_AREA ( #156 ) ;
#121 = AXIS2_PLACEMENT_3D ( 'NONE', #645, #520, #634 ) ;
#122 = CYLINDRICAL_SURFACE ( 'NONE', #217, 0.4999999999999989500 ) ;
#123 = AXIS2_PLACEMENT_3D ( 'NONE', #439, #1359, #1487 ) ;
#124 = VECTOR ( 'NONE', #1003, 1000.000000000000000 ) ;
#125 = CARTESIAN_POINT ( 'NONE',  ( 12.79999999999999700, 1.200000000000000000, -4.250000000000001800 ) ) ;
#126 = DIRECTION ( 'NONE',  ( -1.000000000000000000, 0.0000000000000000000, 0.0000000000000000000 ) ) ;
#127 = ORIENTED_EDGE ( 'NONE', *, *, #1244, .T. ) ;
#128 = EDGE_CURVE ( 'NONE', #9, #972, #1229, .T. ) ;
#129 = EDGE_LOOP ( 'NONE', ( #56, #804, #1294, #180 ) ) ;
#130 = CARTESIAN_POINT ( 'NONE',  ( -13.49999999999999800, 17.99999999999999300, 4.250000000000000000 ) ) ;
#131 = DIRECTION ( 'NONE',  ( 1.000000000000000000, -0.0000000000000000000, -0.0000000000000000000 ) ) ;
#132 = VERTEX_POINT ( 'NONE', #879 ) ;
#133 = EDGE_CURVE ( 'NONE', #287, #1318, #1381, .T. ) ;
#134 = ORIENTED_EDGE ( 'NONE', *, *, #783, .F. ) ;
#135 = CARTESIAN_POINT ( 'NONE',  ( -12.50000000000000000, 17.99999999999999600, 5.250000000000000000 ) ) ;
#136 = DIRECTION ( 'NONE',  ( -0.0000000000000000000, -0.0000000000000000000, -1.000000000000000000 ) ) ;
#137 = CARTESIAN_POINT ( 'NONE',  ( -13.50000000000000400, 1.000000000000000000, -1.624999999999995300 ) ) ;
#138 = CARTESIAN_POINT ( 'NONE',  ( 13.50000000000000000, 0.0000000000000000000, 2.624999999999998700 ) ) ;
#139 = VECTOR ( 'NONE', #178, 1000.000000000000000 ) ;
#140 = AXIS2_PLACEMENT_3D ( 'NONE', #952, #362, #1070 ) ;
#141 = ORIENTED_EDGE ( 'NONE', *, *, #1215, .T. ) ;
#142 = CARTESIAN_POINT ( 'NONE',  ( -12.50000000000000000, 1.200000000000000000, -4.549999999999997200 ) ) ;
#143 = VECTOR ( 'NONE', #1058, 1000.000000000000000 ) ;
#144 = EDGE_CURVE ( 'NONE', #157, #15, #16, .T. ) ;
#145 = CARTESIAN_POINT ( 'NONE',  ( 5.750000000000003600, 1.000000000000000000, 5.250000000000000000 ) ) ;
#146 = VERTEX_POINT ( 'NONE', #67 ) ;
#147 = DIRECTION ( 'NONE',  ( 0.0000000000000000000, 0.0000000000000000000, 1.000000000000000000 ) ) ;
#148 = EDGE_LOOP ( 'NONE', ( #1485, #17, #400, #141 ) ) ;
#149 = CARTESIAN_POINT ( 'NONE',  ( 12.49999999999999800, 17.99999999999999300, 5.250000000000000000 ) ) ;
#150 = CARTESIAN_POINT ( 'NONE',  ( -12.50000000000000000, 1.200000000000000000, 4.250000000000000000 ) ) ;
#151 = CARTESIAN_POINT ( 'NONE',  ( -12.79999999999999900, 1.200000000000000000, 4.250000000000000000 ) ) ;
#152 = ADVANCED_FACE ( 'NONE', ( #525 ), #1075, .T. ) ;
#153 = ORIENTED_EDGE ( 'NONE', *, *, #945, .F. ) ;
#154 = CARTESIAN_POINT ( 'NONE',  ( 12.49999999999999800, 0.0000000000000000000, 4.549999999999999800 ) ) ;
#155 = ORIENTED_EDGE ( 'NONE', *, *, #888, .T. ) ;
#156 = FILL_AREA_STYLE ('',( #849 ) ) ;
#157 = VERTEX_POINT ( 'NONE', #417 ) ;
#158 = EDGE_CURVE ( 'NONE', #240, #1276, #109, .T. ) ;
#159 = CARTESIAN_POINT ( 'NONE',  ( -6.750000000000000000, 0.0000000000000000000, 5.250000000000000000 ) ) ;
#160 = LINE ( 'NONE', #44, #771 ) ;
#161 = CARTESIAN_POINT ( 'NONE',  ( -6.750000000000000000, 0.0000000000000000000, 5.250000000000000000 ) ) ;
#162 = ADVANCED_FACE ( 'NONE', ( #779 ), #534, .F. ) ;
#163 = LINE ( 'NONE', #97, #610 ) ;
#164 = SURFACE_SIDE_STYLE ('',( #344 ) ) ;
#165 = DIRECTION ( 'NONE',  ( 0.0000000000000000000, 0.0000000000000000000, -1.000000000000000000 ) ) ;
#166 = ADVANCED_FACE ( 'NONE', ( #423 ), #639, .F. ) ;
#167 = CARTESIAN_POINT ( 'NONE',  ( -12.79999999999999900, 1.200000000000000000, 4.250000000000000000 ) ) ;
#168 = CYLINDRICAL_SURFACE ( 'NONE', #950, 0.2999999999999981600 ) ;
#169 = DIRECTION ( 'NONE',  ( 6.814637407481696100E-017, -0.7071067811865506800, -0.7071067811865443500 ) ) ;
#170 = DIRECTION ( 'NONE',  ( -1.000000000000000000, 0.0000000000000000000, 6.938893903907228400E-017 ) ) ;
#171 = CARTESIAN_POINT ( 'NONE',  ( 12.49999999999999800, 0.0000000000000000000, 4.549999999999999800 ) ) ;
#172 = VERTEX_POINT ( 'NONE', #192 ) ;
#173 = PRODUCT_RELATED_PRODUCT_CATEGORY ( 'part', '', ( #576 ) ) ;
#174 = CARTESIAN_POINT ( 'NONE',  ( 6.750000000000007100, 0.0000000000000000000, -5.250000000000000000 ) ) ;
#175 = EDGE_CURVE ( 'NONE', #15, #172, #94, .T. ) ;
#176 = ADVANCED_FACE ( 'NONE', ( #466 ), #395, .F. ) ;
#177 = CARTESIAN_POINT ( 'NONE',  ( 12.50000000000000000, 0.0000000000000000000, 4.250000000000000000 ) ) ;
#178 = DIRECTION ( 'NONE',  ( 9.637352644315600200E-017, 1.000000000000000000, -0.0000000000000000000 ) ) ;
#179 = CARTESIAN_POINT ( 'NONE',  ( 6.750000000000007100, 0.0000000000000000000, 4.549999999999998900 ) ) ;
#180 = ORIENTED_EDGE ( 'NONE', *, *, #1404, .T. ) ;
#181 = DIRECTION ( 'NONE',  ( -0.0000000000000000000, -1.000000000000000000, -0.0000000000000000000 ) ) ;
#182 = CARTESIAN_POINT ( 'NONE',  ( -5.750000000000003600, 1.000000000000000000, -5.250000000000000000 ) ) ;
#183 = ORIENTED_EDGE ( 'NONE', *, *, #720, .T. ) ;
#184 = CARTESIAN_POINT ( 'NONE',  ( -12.50000000000000000, 17.99999999999999600, -5.250000000000000000 ) ) ;
#185 = ORIENTED_EDGE ( 'NONE', *, *, #1384, .T. ) ;
#186 = CARTESIAN_POINT ( 'NONE',  ( 11.25000000000000000, 1.200000000000000000, 0.0000000000000000000 ) ) ;
#187 = CARTESIAN_POINT ( 'NONE',  ( -13.50000000000000400, 1.000000000000000000, 1.624999999999995300 ) ) ;
#188 = LINE ( 'NONE', #1258, #1251 ) ;
#189 = DIRECTION ( 'NONE',  ( -0.0000000000000000000, -1.000000000000000000, -0.0000000000000000000 ) ) ;
#190 = VECTOR ( 'NONE', #467, 1000.000000000000000 ) ;
#191 = VECTOR ( 'NONE', #409, 1000.000000000000000 ) ;
#192 = CARTESIAN_POINT ( 'NONE',  ( -13.49999999999999800, 17.99999999999999300, -4.249999999999997300 ) ) ;
#193 = FACE_OUTER_BOUND ( 'NONE', #810, .T. ) ;
#194 = ADVANCED_FACE ( 'NONE', ( #193 ), #695, .F. ) ;
#195 = VECTOR ( 'NONE', #1300, 1000.000000000000000 ) ;
#196 = ORIENTED_EDGE ( 'NONE', *, *, #1302, .T. ) ;
#197 = CARTESIAN_POINT ( 'NONE',  ( 12.50000000000000000, 17.99999999999999300, 4.250000000000000000 ) ) ;
#198 = ORIENTED_EDGE ( 'NONE', *, *, #253, .T. ) ;
#199 = SURFACE_SIDE_STYLE ('',( #1050 ) ) ;
#200 = EDGE_CURVE ( 'NONE', #800, #1465, #1398, .T. ) ;
#201 = CARTESIAN_POINT ( 'NONE',  ( 12.50000000000000000, 17.99999999999999300, -4.249999999999999100 ) ) ;
#202 = CARTESIAN_POINT ( 'NONE',  ( -5.750000000000003600, 1.000000000000000000, 5.250000000000000000 ) ) ;
#203 = ORIENTED_EDGE ( 'NONE', *, *, #1268, .F. ) ;
#204 = ADVANCED_FACE ( 'NONE', ( #735 ), #1160, .F. ) ;
#205 = VECTOR ( 'NONE', #734, 999.9999999999998900 ) ;
#206 = DIRECTION ( 'NONE',  ( 0.0000000000000000000, 0.0000000000000000000, -1.000000000000000000 ) ) ;
#207 = AXIS2_PLACEMENT_3D ( 'NONE', #428, #1245, #691 ) ;
#208 = EDGE_CURVE ( 'NONE', #469, #58, #989, .T. ) ;
#209 = VECTOR ( 'NONE', #312, 1000.000000000000000 ) ;
#210 = VECTOR ( 'NONE', #898, 1000.000000000000000 ) ;
#211 = LINE ( 'NONE', #154, #910 ) ;
#212 = ADVANCED_FACE ( 'NONE', ( #795 ), #1016, .F. ) ;
#213 = CARTESIAN_POINT ( 'NONE',  ( -5.750000000000003600, 1.000000000000000000, 5.250000000000000000 ) ) ;
#214 = ORIENTED_EDGE ( 'NONE', *, *, #1390, .T. ) ;
#215 = DIRECTION ( 'NONE',  ( -0.0000000000000000000, -1.000000000000000000, -0.0000000000000000000 ) ) ;
#216 = AXIS2_PLACEMENT_3D ( 'NONE', #201, #1364, #796 ) ;
#217 = AXIS2_PLACEMENT_3D ( 'NONE', #345, #688, #573 ) ;
#218 = CARTESIAN_POINT ( 'NONE',  ( -12.79999999999999700, 1.200000000000000000, 4.250000000000000000 ) ) ;
#219 = EDGE_CURVE ( 'NONE', #1361, #1357, #1380, .T. ) ;
#220 = EDGE_LOOP ( 'NONE', ( #927, #1108, #514, #976 ) ) ;
#221 = CARTESIAN_POINT ( 'NONE',  ( 13.50000000000000200, 17.99999999999999300, 5.250000000000000000 ) ) ;
#222 = ORIENTED_EDGE ( 'NONE', *, *, #1215, .F. ) ;
#223 = ORIENTED_EDGE ( 'NONE', *, *, #569, .F. ) ;
#224 = AXIS2_PLACEMENT_3D ( 'NONE', #1446, #1425, #381 ) ;
#225 = LINE ( 'NONE', #1212, #636 ) ;
#226 = ORIENTED_EDGE ( 'NONE', *, *, #462, .T. ) ;
#227 = EDGE_CURVE ( 'NONE', #1055, #104, #1366, .T. ) ;
#228 = VECTOR ( 'NONE', #1416, 1000.000000000000000 ) ;
#229 = ORIENTED_EDGE ( 'NONE', *, *, #128, .F. ) ;
#230 = CIRCLE ( 'NONE', #782, 0.2999999999999999300 ) ;
#231 = DIRECTION ( 'NONE',  ( 1.000000000000000000, 0.0000000000000000000, 0.0000000000000000000 ) ) ;
#232 = ORIENTED_EDGE ( 'NONE', *, *, #1179, .F. ) ;
#233 = DIRECTION ( 'NONE',  ( 0.0000000000000000000, -0.0000000000000000000, 1.000000000000000000 ) ) ;
#234 = MECHANICAL_DESIGN_GEOMETRIC_PRESENTATION_REPRESENTATION (  '', ( #1033 ), #1370 ) ;
#235 = MECHANICAL_DESIGN_GEOMETRIC_PRESENTATION_REPRESENTATION (  '', ( #60 ), #1443 ) ;
#236 = EDGE_CURVE ( 'NONE', #287, #240, #1478, .T. ) ;
#237 = DIRECTION ( 'NONE',  ( -1.000000000000000000, 0.0000000000000000000, 0.0000000000000000000 ) ) ;
#238 = ORIENTED_EDGE ( 'NONE', *, *, #1500, .T. ) ;
#239 = DIRECTION ( 'NONE',  ( 9.637352644315600200E-017, -1.000000000000000000, 0.0000000000000000000 ) ) ;
#240 = VERTEX_POINT ( 'NONE', #539 ) ;
#241 = ORIENTED_EDGE ( 'NONE', *, *, #818, .F. ) ;
#242 = VECTOR ( 'NONE', #971, 1000.000000000000000 ) ;
#243 = CIRCLE ( 'NONE', #1176, 0.2999999999999999300 ) ;
#244 = FACE_OUTER_BOUND ( 'NONE', #726, .T. ) ;
#245 = EDGE_CURVE ( 'NONE', #313, #351, #1458, .T. ) ;
#246 = VECTOR ( 'NONE', #1064, 1000.000000000000000 ) ;
#247 = ORIENTED_EDGE ( 'NONE', *, *, #485, .T. ) ;
#248 = DIRECTION ( 'NONE',  ( 1.000000000000000000, -9.637352644315600200E-017, 0.0000000000000000000 ) ) ;
#249 = ORIENTED_EDGE ( 'NONE', *, *, #624, .F. ) ;
#250 = ORIENTED_EDGE ( 'NONE', *, *, #1206, .F. ) ;
#251 = CARTESIAN_POINT ( 'NONE',  ( 11.25000000000000000, -41.41421356237307800, 0.0000000000000000000 ) ) ;
#252 = EDGE_LOOP ( 'NONE', ( #1358, #1401, #3, #1334 ) ) ;
#253 = EDGE_CURVE ( 'NONE', #364, #566, #1121, .T. ) ;
#254 = VERTEX_POINT ( 'NONE', #1140 ) ;
#255 = DIRECTION ( 'NONE',  ( 0.0000000000000000000, -0.0000000000000000000, -1.000000000000000000 ) ) ;
#256 = LINE ( 'NONE', #728, #921 ) ;
#257 = DIRECTION ( 'NONE',  ( 0.0000000000000000000, 0.0000000000000000000, 1.000000000000000000 ) ) ;
#258 = LINE ( 'NONE', #951, #1293 ) ;
#259 = FACE_OUTER_BOUND ( 'NONE', #31, .T. ) ;
#260 = EDGE_LOOP ( 'NONE', ( #1188, #1424, #769, #111 ) ) ;
#261 = PLANE ( 'NONE',  #1224 ) ;
#262 = ORIENTED_EDGE ( 'NONE', *, *, #1244, .F. ) ;
#263 = EDGE_LOOP ( 'NONE', ( #1512, #1190, #250, #936 ) ) ;
#264 = ORIENTED_EDGE ( 'NONE', *, *, #742, .F. ) ;
#265 = APPLICATION_CONTEXT ( 'automotive_design' ) ;
#266 = DIRECTION ( 'NONE',  ( 0.7071067811865487900, -0.7071067811865463500, 0.0000000000000000000 ) ) ;
#267 = CARTESIAN_POINT ( 'NONE',  ( 12.50000000000000000, -9.637352644315597700E-017, -4.250000000000000900 ) ) ;
#268 = EDGE_CURVE ( 'NONE', #360, #104, #359, .T. ) ;
#269 = ORIENTED_EDGE ( 'NONE', *, *, #1475, .T. ) ;
#270 = ORIENTED_EDGE ( 'NONE', *, *, #1051, .T. ) ;
#271 = LINE ( 'NONE', #1197, #1472 ) ;
#272 = DIRECTION ( 'NONE',  ( 0.0000000000000000000, 0.0000000000000000000, -1.000000000000000000 ) ) ;
#273 = CIRCLE ( 'NONE', #907, 0.3000000000000025400 ) ;
#274 = FACE_OUTER_BOUND ( 'NONE', #478, .T. ) ;
#275 = CARTESIAN_POINT ( 'NONE',  ( 12.50000000000000000, 1.200000000000000000, -4.549999999999999800 ) ) ;
#276 = CIRCLE ( 'NONE', #1452, 0.4999999999999989500 ) ;
#277 = ORIENTED_EDGE ( 'NONE', *, *, #175, .T. ) ;
#278 = CARTESIAN_POINT ( 'NONE',  ( -12.50000000000000000, 18.99999999999999300, 5.250000000000000000 ) ) ;
#279 = EDGE_CURVE ( 'NONE', #562, #1235, #1226, .T. ) ;
#280 = APPLICATION_PROTOCOL_DEFINITION ( 'draft international standard', 'automotive_design', 1998, #265 ) ;
#281 = ADVANCED_FACE ( 'NONE', ( #911 ), #396, .T. ) ;
#282 = ORIENTED_EDGE ( 'NONE', *, *, #818, .T. ) ;
#283 = CARTESIAN_POINT ( 'NONE',  ( -13.50000000000000400, 0.0000000000000000000, 2.624999999999998700 ) ) ;
#284 = AXIS2_PLACEMENT_3D ( 'NONE', #876, #42, #1109 ) ;
#285 = CARTESIAN_POINT ( 'NONE',  ( -5.750000000000003600, 1.000000000000000000, 4.549999999999997200 ) ) ;
#286 = ADVANCED_FACE ( 'NONE', ( #1345 ), #668, .F. ) ;
#287 = VERTEX_POINT ( 'NONE', #1355 ) ;
#288 = VERTEX_POINT ( 'NONE', #571 ) ;
#289 = CARTESIAN_POINT ( 'NONE',  ( 12.49999999999999800, 17.99999999999999300, 4.250000000000000000 ) ) ;
#290 = LINE ( 'NONE', #1422, #1037 ) ;
#291 = VERTEX_POINT ( 'NONE', #811 ) ;
#292 = CARTESIAN_POINT ( 'NONE',  ( -12.50000000000000000, 17.99999999999999300, 4.250000000000000000 ) ) ;
#293 = VECTOR ( 'NONE', #627, 1000.000000000000000 ) ;
#294 = FACE_OUTER_BOUND ( 'NONE', #1146, .T. ) ;
#295 = CARTESIAN_POINT ( 'NONE',  ( -12.50000000000000000, 0.0000000000000000000, -5.250000000000000000 ) ) ;
#296 = ORIENTED_EDGE ( 'NONE', *, *, #33, .F. ) ;
#297 = DIRECTION ( 'NONE',  ( -0.0000000000000000000, -0.0000000000000000000, 1.000000000000000000 ) ) ;
#298 = EDGE_LOOP ( 'NONE', ( #1408, #282, #519, #797 ) ) ;
#299 = EDGE_CURVE ( 'NONE', #1157, #1283, #680, .T. ) ;
#300 = CARTESIAN_POINT ( 'NONE',  ( -12.79999999999999900, -7.142979018728077800E-017, 2.624999999999998700 ) ) ;
#301 = ORIENTED_EDGE ( 'NONE', *, *, #878, .T. ) ;
#302 = DIRECTION ( 'NONE',  ( 0.0000000000000000000, 0.0000000000000000000, 1.000000000000000000 ) ) ;
#303 = ADVANCED_FACE ( 'NONE', ( #294 ), #870, .T. ) ;
#304 = DIRECTION ( 'NONE',  ( -0.0000000000000000000, 0.7071067811865506800, 0.7071067811865443500 ) ) ;
#305 = VERTEX_POINT ( 'NONE', #342 ) ;
#306 = CARTESIAN_POINT ( 'NONE',  ( -13.49999999999999800, 17.99999999999999300, 5.250000000000000000 ) ) ;
#307 =( NAMED_UNIT ( * ) PLANE_ANGLE_UNIT ( ) SI_UNIT ( $, .RADIAN. ) );
#308 = LINE ( 'NONE', #842, #981 ) ;
#309 = ADVANCED_FACE ( 'NONE', ( #259 ), #749, .F. ) ;
#310 = VECTOR ( 'NONE', #1387, 1000.000000000000000 ) ;
#311 = LINE ( 'NONE', #1305, #358 ) ;
#312 = DIRECTION ( 'NONE',  ( -4.329299058870682500E-016, -0.7071067811865506800, -0.7071067811865443500 ) ) ;
#313 = VERTEX_POINT ( 'NONE', #509 ) ;
#314 = CARTESIAN_POINT ( 'NONE',  ( 12.50000000000000000, 17.99999999999999300, -4.250000000000000900 ) ) ;
#315 = AXIS2_PLACEMENT_3D ( 'NONE', #789, #880, #552 ) ;
#316 = ORIENTED_EDGE ( 'NONE', *, *, #1250, .F. ) ;
#317 = CARTESIAN_POINT ( 'NONE',  ( -6.750000000000000000, -3.400058012914542400E-016, -4.549999999999998900 ) ) ;
#318 = DIRECTION ( 'NONE',  ( -0.7071067811865489100, 0.7071067811865462400, 0.0000000000000000000 ) ) ;
#319 = EDGE_CURVE ( 'NONE', #1156, #1161, #276, .T. ) ;
#320 = DIRECTION ( 'NONE',  ( -0.0000000000000000000, -0.0000000000000000000, -1.000000000000000000 ) ) ;
#321 = DIRECTION ( 'NONE',  ( -1.000000000000000000, -9.637352644315600200E-017, 0.0000000000000000000 ) ) ;
#322 = ORIENTED_EDGE ( 'NONE', *, *, #144, .F. ) ;
#323 = ORIENTED_EDGE ( 'NONE', *, *, #1344, .F. ) ;
#324 = DIRECTION ( 'NONE',  ( -0.0000000000000000000, -0.0000000000000000000, -1.000000000000000000 ) ) ;
#325 = EDGE_CURVE ( 'NONE', #1213, #254, #1098, .T. ) ;
#326 = FACE_OUTER_BOUND ( 'NONE', #745, .T. ) ;
#327 = VERTEX_POINT ( 'NONE', #1335 ) ;
#328 = VECTOR ( 'NONE', #1341, 1000.000000000000000 ) ;
#329 = CARTESIAN_POINT ( 'NONE',  ( 12.50000000000000000, 18.99999999999999600, -4.249999999999997300 ) ) ;
#330 = VECTOR ( 'NONE', #900, 1000.000000000000000 ) ;
#331 = ORIENTED_EDGE ( 'NONE', *, *, #128, .T. ) ;
#332 = ORIENTED_EDGE ( 'NONE', *, *, #965, .F. ) ;
#333 = FACE_OUTER_BOUND ( 'NONE', #397, .T. ) ;
#334 = AXIS2_PLACEMENT_3D ( 'NONE', #202, #1127, #1351 ) ;
#335 = AXIS2_PLACEMENT_3D ( 'NONE', #872, #1308, #37 ) ;
#336 = CARTESIAN_POINT ( 'NONE',  ( -13.50000000000000000, -19.99999999999999600, 5.250000000000000000 ) ) ;
#337 = VERTEX_POINT ( 'NONE', #138 ) ;
#338 = DIRECTION ( 'NONE',  ( 0.0000000000000000000, 0.0000000000000000000, 1.000000000000000000 ) ) ;
#339 = LINE ( 'NONE', #1451, #1289 ) ;
#340 = EDGE_CURVE ( 'NONE', #964, #172, #776, .T. ) ;
#341 = FACE_OUTER_BOUND ( 'NONE', #793, .T. ) ;
#342 = CARTESIAN_POINT ( 'NONE',  ( 5.750000000000003600, 1.000000000000000000, -5.250000000000000000 ) ) ;
#343 = LINE ( 'NONE', #182, #1241 ) ;
#344 = SURFACE_STYLE_FILL_AREA ( #479 ) ;
#345 = CARTESIAN_POINT ( 'NONE',  ( 11.25000000000000000, -41.41421356237307800, 0.0000000000000000000 ) ) ;
#346 = DIRECTION ( 'NONE',  ( 0.0000000000000000000, 0.0000000000000000000, 1.000000000000000000 ) ) ;
#347 = EDGE_CURVE ( 'NONE', #568, #360, #542, .T. ) ;
#348 = FILL_AREA_STYLE_COLOUR ( '', #948 ) ;
#349 = ORIENTED_EDGE ( 'NONE', *, *, #1186, .T. ) ;
#350 = CARTESIAN_POINT ( 'NONE',  ( 12.50000000000000000, 18.99999999999999600, 4.250000000000000000 ) ) ;
#351 = VERTEX_POINT ( 'NONE', #987 ) ;
#352 = AXIS2_PLACEMENT_3D ( 'NONE', #460, #791, #1044 ) ;
#353 = AXIS2_PLACEMENT_3D ( 'NONE', #770, #64, #874 ) ;
#354 = DIRECTION ( 'NONE',  ( -1.000000000000000000, 0.0000000000000000000, 0.0000000000000000000 ) ) ;
#355 = VECTOR ( 'NONE', #615, 1000.000000000000000 ) ;
#356 = ORIENTED_EDGE ( 'NONE', *, *, #1475, .F. ) ;
#357 = CARTESIAN_POINT ( 'NONE',  ( 12.49999999999999800, 1.200000000000000000, 4.250000000000000000 ) ) ;
#358 = VECTOR ( 'NONE', #21, 1000.000000000000000 ) ;
#359 = LINE ( 'NONE', #1020, #644 ) ;
#360 = VERTEX_POINT ( 'NONE', #729 ) ;
#361 = ORIENTED_EDGE ( 'NONE', *, *, #700, .F. ) ;
#362 = DIRECTION ( 'NONE',  ( 0.0000000000000000000, -1.000000000000000000, 0.0000000000000000000 ) ) ;
#363 = VECTOR ( 'NONE', #43, 1000.000000000000000 ) ;
#364 = VERTEX_POINT ( 'NONE', #1208 ) ;
#365 = EDGE_CURVE ( 'NONE', #1410, #1161, #1436, .T. ) ;
#366 = CARTESIAN_POINT ( 'NONE',  ( -12.79999999999999900, 0.0000000000000000000, 4.250000000000000000 ) ) ;
#367 = CARTESIAN_POINT ( 'NONE',  ( -12.50000000000000000, 17.99999999999999300, -4.249999999999999100 ) ) ;
#368 = AXIS2_PLACEMENT_3D ( 'NONE', #52, #110, #567 ) ;
#369 = LINE ( 'NONE', #300, #657 ) ;
#370 = ORIENTED_EDGE ( 'NONE', *, *, #965, .T. ) ;
#371 = CIRCLE ( 'NONE', #216, 1.000000000000000900 ) ;
#372 = ORIENTED_EDGE ( 'NONE', *, *, #852, .T. ) ;
#373 = CARTESIAN_POINT ( 'NONE',  ( -12.79999999999999700, 0.0000000000000000000, 4.250000000000000000 ) ) ;
#374 = VECTOR ( 'NONE', #833, 1000.000000000000000 ) ;
#375 = DIRECTION ( 'NONE',  ( 0.7071067811865462400, 0.7071067811865489100, -0.0000000000000000000 ) ) ;
#376 = VERTEX_POINT ( 'NONE', #1328 ) ;
#377 = CARTESIAN_POINT ( 'NONE',  ( 5.750000000000003600, 1.000000000000000000, -5.250000000000000000 ) ) ;
#378 = DIRECTION ( 'NONE',  ( -0.0000000000000000000, -1.000000000000000000, -0.0000000000000000000 ) ) ;
#379 = AXIS2_PLACEMENT_3D ( 'NONE', #919, #237, #338 ) ;
#380 = PLANE ( 'NONE',  #100 ) ;
#381 = DIRECTION ( 'NONE',  ( 1.000000000000000000, 0.0000000000000000000, 0.0000000000000000000 ) ) ;
#382 = EDGE_CURVE ( 'NONE', #1253, #305, #343, .T. ) ;
#383 = ORIENTED_EDGE ( 'NONE', *, *, #7, .F. ) ;
#384 = ORIENTED_EDGE ( 'NONE', *, *, #1268, .T. ) ;
#385 = LINE ( 'NONE', #387, #205 ) ;
#386 = DIRECTION ( 'NONE',  ( 0.0000000000000000000, -0.7071067811865463500, 0.7071067811865487900 ) ) ;
#387 = CARTESIAN_POINT ( 'NONE',  ( 5.750000000000003600, 1.000000000000000400, -4.550000000000000700 ) ) ;
#388 = CYLINDRICAL_SURFACE ( 'NONE', #848, 0.2999999999999999300 ) ;
#389 = ADVANCED_FACE ( 'NONE', ( #274 ), #661, .T. ) ;
#390 = DIRECTION ( 'NONE',  ( -0.0000000000000000000, -0.0000000000000000000, -1.000000000000000000 ) ) ;
#391 = VECTOR ( 'NONE', #65, 1000.000000000000000 ) ;
#392 = DIRECTION ( 'NONE',  ( 0.0000000000000000000, 0.0000000000000000000, 1.000000000000000000 ) ) ;
#393 = VECTOR ( 'NONE', #1460, 999.9999999999998900 ) ;
#394 = ORIENTED_EDGE ( 'NONE', *, *, #279, .F. ) ;
#395 = PLANE ( 'NONE',  #368 ) ;
#396 = CYLINDRICAL_SURFACE ( 'NONE', #352, 1.000000000000000900 ) ;
#397 = EDGE_LOOP ( 'NONE', ( #214, #53, #134, #226 ) ) ;
#398 = SURFACE_STYLE_USAGE ( .BOTH. , #983 ) ;
#399 = EDGE_CURVE ( 'NONE', #1309, #91, #678, .T. ) ;
#400 = ORIENTED_EDGE ( 'NONE', *, *, #365, .T. ) ;
#401 = LINE ( 'NONE', #411, #995 ) ;
#402 = DIRECTION ( 'NONE',  ( -0.0000000000000000000, -1.000000000000000000, -0.0000000000000000000 ) ) ;
#403 = VERTEX_POINT ( 'NONE', #854 ) ;
#404 = ADVANCED_FACE ( 'NONE', ( #1141 ), #168, .F. ) ;
#405 = DIRECTION ( 'NONE',  ( -0.0000000000000000000, -1.000000000000000000, -0.0000000000000000000 ) ) ;
#406 = DIRECTION ( 'NONE',  ( -0.0000000000000000000, -0.0000000000000000000, -1.000000000000000000 ) ) ;
#407 = DIRECTION ( 'NONE',  ( -0.0000000000000000000, -0.0000000000000000000, -1.000000000000000000 ) ) ;
#408 = AXIS2_PLACEMENT_3D ( 'NONE', #814, #896, #346 ) ;
#409 = DIRECTION ( 'NONE',  ( 1.000000000000000000, 0.0000000000000000000, 0.0000000000000000000 ) ) ;
#410 = STYLED_ITEM ( 'NONE', ( #1337 ), #1377 ) ;
#411 = CARTESIAN_POINT ( 'NONE',  ( -13.50000000000000400, 1.000000000000000000, -1.624999999999995300 ) ) ;
#412 = CARTESIAN_POINT ( 'NONE',  ( -12.50000000000000000, 0.0000000000000000000, 4.250000000000000000 ) ) ;
#413 = ADVANCED_FACE ( 'NONE', ( #892 ), #815, .T. ) ;
#414 = DIRECTION ( 'NONE',  ( -1.443099686290236700E-016, -0.7071067811865463500, 0.7071067811865487900 ) ) ;
#415 = CARTESIAN_POINT ( 'NONE',  ( -6.750000000000000000, 0.0000000000000000000, -5.250000000000000000 ) ) ;
#416 = CIRCLE ( 'NONE', #1260, 0.4999999999999989500 ) ;
#417 = CARTESIAN_POINT ( 'NONE',  ( -13.50000000000000000, 0.0000000000000000000, 4.250000000000000000 ) ) ;
#418 = LINE ( 'NONE', #649, #391 ) ;
#419 = ORIENTED_EDGE ( 'NONE', *, *, #382, .T. ) ;
#420 = ORIENTED_EDGE ( 'NONE', *, *, #133, .T. ) ;
#421 = DIRECTION ( 'NONE',  ( -0.0000000000000000000, -0.0000000000000000000, -1.000000000000000000 ) ) ;
#422 = ADVANCED_FACE ( 'NONE', ( #244 ), #756, .T. ) ;
#423 = FACE_OUTER_BOUND ( 'NONE', #1102, .T. ) ;
#424 = ORIENTED_EDGE ( 'NONE', *, *, #1256, .T. ) ;
#425 = EDGE_CURVE ( 'NONE', #22, #58, #258, .T. ) ;
#426 = ORIENTED_EDGE ( 'NONE', *, *, #399, .F. ) ;
#427 = CARTESIAN_POINT ( 'NONE',  ( 12.50000000000000000, 17.99999999999999300, 5.250000000000000000 ) ) ;
#428 = CARTESIAN_POINT ( 'NONE',  ( -12.50000000000000200, 0.0000000000000000000, 4.250000000000000000 ) ) ;
#429 = ORIENTED_EDGE ( 'NONE', *, *, #253, .F. ) ;
#430 = ORIENTED_EDGE ( 'NONE', *, *, #74, .F. ) ;
#431 = EDGE_LOOP ( 'NONE', ( #1026, #1185, #99 ) ) ;
#432 = CARTESIAN_POINT ( 'NONE',  ( -12.50000000000000000, 1.200000000000000000, -4.249999999999998200 ) ) ;
#433 = LINE ( 'NONE', #864, #591 ) ;
#434 = CARTESIAN_POINT ( 'NONE',  ( 12.49999999999999800, 0.0000000000000000000, 4.549999999999999800 ) ) ;
#435 = SPHERICAL_SURFACE ( 'NONE', #315, 1.000000000000000000 ) ;
#436 = AXIS2_PLACEMENT_3D ( 'NONE', #197, #320, #537 ) ;
#437 = ORIENTED_EDGE ( 'NONE', *, *, #832, .T. ) ;
#438 = ORIENTED_EDGE ( 'NONE', *, *, #1421, .F. ) ;
#439 = CARTESIAN_POINT ( 'NONE',  ( -12.50000000000000000, 1.200000000000000000, 4.250000000000000000 ) ) ;
#440 = DIRECTION ( 'NONE',  ( -6.938893903907228400E-017, 0.0000000000000000000, -1.000000000000000000 ) ) ;
#441 = CARTESIAN_POINT ( 'NONE',  ( -5.750000000000003600, 1.000000000000000000, 5.250000000000000000 ) ) ;
#442 = ORIENTED_EDGE ( 'NONE', *, *, #1036, .T. ) ;
#443 = EDGE_LOOP ( 'NONE', ( #709, #543, #1495, #1062, #799, #270, #717, #1246 ) ) ;
#444 = EDGE_CURVE ( 'NONE', #947, #79, #499, .T. ) ;
#445 = LINE ( 'NONE', #663, #713 ) ;
#446 = ORIENTED_EDGE ( 'NONE', *, *, #1073, .F. ) ;
#447 = VECTOR ( 'NONE', #390, 1000.000000000000000 ) ;
#448 = VECTOR ( 'NONE', #1502, 1000.000000000000000 ) ;
#449 = CARTESIAN_POINT ( 'NONE',  ( 12.79999999999999700, 0.0000000000000000000, -4.250000000000001800 ) ) ;
#450 = VECTOR ( 'NONE', #83, 1000.000000000000000 ) ;
#451 = ORIENTED_EDGE ( 'NONE', *, *, #1390, .F. ) ;
#452 = AXIS2_PLACEMENT_3D ( 'NONE', #463, #585, #861 ) ;
#453 = UNCERTAINTY_MEASURE_WITH_UNIT (LENGTH_MEASURE( 1.000000000000000100E-005 ), #672, 'distance_accuracy_value', 'NONE');
#454 = ORIENTED_EDGE ( 'NONE', *, *, #158, .T. ) ;
#455 = EDGE_LOOP ( 'NONE', ( #682, #229, #1274, #1078 ) ) ;
#456 = CARTESIAN_POINT ( 'NONE',  ( -12.79999999999999700, 1.000000000000000000, -1.624999999999995300 ) ) ;
#457 = DIRECTION ( 'NONE',  ( 1.000000000000000000, 0.0000000000000000000, -6.938893903907228400E-017 ) ) ;
#458 = ORIENTED_EDGE ( 'NONE', *, *, #783, .T. ) ;
#459 = AXIS2_PLACEMENT_3D ( 'NONE', #719, #354, #10 ) ;
#460 = CARTESIAN_POINT ( 'NONE',  ( -12.50000000000000000, 17.99999999999999600, 4.250000000000000000 ) ) ;
#461 = DIRECTION ( 'NONE',  ( 2.040851148208008200E-016, -0.0000000000000000000, -1.000000000000000000 ) ) ;
#462 = EDGE_CURVE ( 'NONE', #291, #895, #311, .T. ) ;
#463 = CARTESIAN_POINT ( 'NONE',  ( 12.50000000000000000, 17.99999999999999300, 4.250000000000000000 ) ) ;
#464 = FACE_OUTER_BOUND ( 'NONE', #1321, .T. ) ;
#465 = ORIENTED_EDGE ( 'NONE', *, *, #664, .F. ) ;
#466 = FACE_OUTER_BOUND ( 'NONE', #1315, .T. ) ;
#467 = DIRECTION ( 'NONE',  ( 1.000000000000000000, -0.0000000000000000000, -0.0000000000000000000 ) ) ;
#468 = ORIENTED_EDGE ( 'NONE', *, *, #742, .T. ) ;
#469 = VERTEX_POINT ( 'NONE', #748 ) ;
#470 = ORIENTED_EDGE ( 'NONE', *, *, #1484, .F. ) ;
#471 = EDGE_CURVE ( 'NONE', #1410, #1469, #1317, .T. ) ;
#472 = DIRECTION ( 'NONE',  ( 0.0000000000000000000, 0.0000000000000000000, -1.000000000000000000 ) ) ;
#473 = ORIENTED_EDGE ( 'NONE', *, *, #236, .T. ) ;
#474 = AXIS2_PLACEMENT_3D ( 'NONE', #544, #321, #239 ) ;
#475 = CARTESIAN_POINT ( 'NONE',  ( 11.25000000000000000, 1.200000000000000000, 0.0000000000000000000 ) ) ;
#476 = VECTOR ( 'NONE', #461, 1000.000000000000000 ) ;
#477 = CIRCLE ( 'NONE', #436, 1.000000000000000900 ) ;
#478 = EDGE_LOOP ( 'NONE', ( #262, #356, #1085, #935 ) ) ;
#479 = FILL_AREA_STYLE ('',( #348 ) ) ;
#480 = CYLINDRICAL_SURFACE ( 'NONE', #1498, 0.2999999999999964400 ) ;
#481 = FILL_AREA_STYLE ('',( #1216 ) ) ;
#482 = DIRECTION ( 'NONE',  ( 0.0000000000000000000, 0.0000000000000000000, 1.000000000000000000 ) ) ;
#483 = CARTESIAN_POINT ( 'NONE',  ( 12.49999999999999600, 17.99999999999999300, -4.250000000000000900 ) ) ;
#484 =( NAMED_UNIT ( * ) PLANE_ANGLE_UNIT ( ) SI_UNIT ( $, .RADIAN. ) );
#485 = EDGE_CURVE ( 'NONE', #1283, #895, #211, .T. ) ;
#486 = CARTESIAN_POINT ( 'NONE',  ( -11.25000000000000000, 1.200000000000000000, -0.4999999999999989500 ) ) ;
#487 = ORIENTED_EDGE ( 'NONE', *, *, #1165, .F. ) ;
#488 = CARTESIAN_POINT ( 'NONE',  ( 12.80000000000000400, 1.200000000000000000, 4.250000000000000000 ) ) ;
#489 = DIRECTION ( 'NONE',  ( -2.081668171172168500E-016, 0.0000000000000000000, 1.000000000000000000 ) ) ;
#490 = CARTESIAN_POINT ( 'NONE',  ( -5.750000000000003600, 1.000000000000000000, 5.250000000000000000 ) ) ;
#491 = SURFACE_STYLE_USAGE ( .BOTH. , #831 ) ;
#492 = ADVANCED_FACE ( 'NONE', ( #792 ), #559, .T. ) ;
#493 = CIRCLE ( 'NONE', #1057, 0.4999999999999989500 ) ;
#494 = PRODUCT_DEFINITION_FORMATION_WITH_SPECIFIED_SOURCE ( 'ANY', '', #576, .NOT_KNOWN. ) ;
#495 = VECTOR ( 'NONE', #667, 1000.000000000000000 ) ;
#496 = CARTESIAN_POINT ( 'NONE',  ( -6.750000000000000900, 0.0000000000000000000, 4.549999999999996300 ) ) ;
#497 = EDGE_CURVE ( 'NONE', #364, #1213, #1477, .T. ) ;
#498 = DIRECTION ( 'NONE',  ( 0.0000000000000000000, 1.000000000000000000, 0.0000000000000000000 ) ) ;
#499 = CIRCLE ( 'NONE', #41, 1.000000000000000000 ) ;
#500 = PLANE ( 'NONE',  #621 ) ;
#501 = ORIENTED_EDGE ( 'NONE', *, *, #325, .T. ) ;
#502 = CARTESIAN_POINT ( 'NONE',  ( -11.25000000000000000, -41.41421356237307800, 0.0000000000000000000 ) ) ;
#503 = ADVANCED_FACE ( 'NONE', ( #1010 ), #697, .T. ) ;
#504 = DIRECTION ( 'NONE',  ( 0.0000000000000000000, 0.7071067811865443500, -0.7071067811865506800 ) ) ;
#505 = EDGE_LOOP ( 'NONE', ( #1148, #155, #741, #994 ) ) ;
#506 = ORIENTED_EDGE ( 'NONE', *, *, #670, .T. ) ;
#507 = CARTESIAN_POINT ( 'NONE',  ( -11.25000000000000000, 1.200000000000000000, 0.4999999999999989500 ) ) ;
#508 = DIRECTION ( 'NONE',  ( 0.0000000000000000000, 1.000000000000000000, 0.0000000000000000000 ) ) ;
#509 = CARTESIAN_POINT ( 'NONE',  ( 12.80000000000000200, 1.000000000000000000, 1.624999999999995300 ) ) ;
#510 = DIRECTION ( 'NONE',  ( 0.0000000000000000000, 1.000000000000000000, 0.0000000000000000000 ) ) ;
#511 = ADVANCED_FACE ( 'NONE', ( #1170 ), #955, .F. ) ;
#512 = ORIENTED_EDGE ( 'NONE', *, *, #934, .T. ) ;
#513 = CARTESIAN_POINT ( 'NONE',  ( -11.25000000000000000, 1.200000000000000000, 0.0000000000000000000 ) ) ;
#514 = ORIENTED_EDGE ( 'NONE', *, *, #108, .T. ) ;
#515 = DIRECTION ( 'NONE',  ( -0.0000000000000000000, 1.000000000000000000, -0.0000000000000000000 ) ) ;
#516 = LINE ( 'NONE', #377, #554 ) ;
#517 = DIRECTION ( 'NONE',  ( -0.0000000000000000000, -1.000000000000000000, -0.0000000000000000000 ) ) ;
#518 = LINE ( 'NONE', #609, #242 ) ;
#519 = ORIENTED_EDGE ( 'NONE', *, *, #579, .T. ) ;
#520 = DIRECTION ( 'NONE',  ( 0.0000000000000000000, 1.000000000000000000, 0.0000000000000000000 ) ) ;
#521 = ORIENTED_EDGE ( 'NONE', *, *, #1112, .F. ) ;
#522 = DIRECTION ( 'NONE',  ( 0.0000000000000000000, 0.0000000000000000000, -1.000000000000000000 ) ) ;
#523 = EDGE_CURVE ( 'NONE', #595, #565, #574, .T. ) ;
#524 = VERTEX_POINT ( 'NONE', #1061 ) ;
#525 = FACE_OUTER_BOUND ( 'NONE', #1249, .T. ) ;
#526 = CARTESIAN_POINT ( 'NONE',  ( 12.49999999999999800, 17.99999999999999300, 4.250000000000000000 ) ) ;
#527 = ORIENTED_EDGE ( 'NONE', *, *, #607, .T. ) ;
#528 = CARTESIAN_POINT ( 'NONE',  ( -12.50000000000000200, 0.0000000000000000000, 5.250000000000000000 ) ) ;
#529 = CARTESIAN_POINT ( 'NONE',  ( -5.750000000000003600, 1.000000000000000000, 5.250000000000000000 ) ) ;
#530 = CARTESIAN_POINT ( 'NONE',  ( -11.25000000000000000, -19.99999999999999600, 0.4999999999999989500 ) ) ;
#531 = ADVANCED_FACE ( 'NONE', ( #464 ), #725, .F. ) ;
#532 = DIRECTION ( 'NONE',  ( 0.0000000000000000000, -1.000000000000000000, 0.0000000000000000000 ) ) ;
#533 = EDGE_CURVE ( 'NONE', #22, #337, #1205, .T. ) ;
#534 = PLANE ( 'NONE',  #334 ) ;
#535 = ORIENTED_EDGE ( 'NONE', *, *, #208, .T. ) ;
#536 = SHAPE_DEFINITION_REPRESENTATION ( #637, #547 ) ;
#537 = DIRECTION ( 'NONE',  ( -1.000000000000000000, 0.0000000000000000000, 0.0000000000000000000 ) ) ;
#538 = FACE_OUTER_BOUND ( 'NONE', #71, .T. ) ;
#539 = CARTESIAN_POINT ( 'NONE',  ( -12.79999999999999700, 1.000000000000000000, -1.624999999999995300 ) ) ;
#540 = VECTOR ( 'NONE', #1349, 1000.000000000000000 ) ;
#541 = VECTOR ( 'NONE', #1120, 1000.000000000000000 ) ;
#542 = LINE ( 'NONE', #19, #246 ) ;
#543 = ORIENTED_EDGE ( 'NONE', *, *, #923, .F. ) ;
#544 = CARTESIAN_POINT ( 'NONE',  ( 13.50000000000000000, 0.0000000000000000000, 5.250000000000000000 ) ) ;
#545 = SURFACE_STYLE_USAGE ( .BOTH. , #199 ) ;
#546 = EDGE_CURVE ( 'NONE', #1235, #1253, #1395, .T. ) ;
#547 = ADVANCED_BREP_SHAPE_REPRESENTATION ( 'ECWFG2J105P1', ( #1405, #55, #1377, #224 ), #943 ) ;
#548 = ADVANCED_FACE ( 'NONE', ( #844 ), #860, .F. ) ;
#549 = CARTESIAN_POINT ( 'NONE',  ( 13.50000000000000000, 1.000000000000000000, -1.624999999999995300 ) ) ;
#550 = PLANE ( 'NONE',  #669 ) ;
#551 = ORIENTED_EDGE ( 'NONE', *, *, #46, .T. ) ;
#552 = DIRECTION ( 'NONE',  ( 1.000000000000000000, 0.0000000000000000000, 0.0000000000000000000 ) ) ;
#553 = CARTESIAN_POINT ( 'NONE',  ( -6.750000000000000000, 0.0000000000000000000, -4.549999999999998900 ) ) ;
#554 = VECTOR ( 'NONE', #970, 1000.000000000000000 ) ;
#555 = VECTOR ( 'NONE', #1379, 1000.000000000000000 ) ;
#556 = CARTESIAN_POINT ( 'NONE',  ( 11.25000000000000000, 1.200000000000000000, -0.4999999999999989500 ) ) ;
#557 = CIRCLE ( 'NONE', #1281, 0.4999999999999989500 ) ;
#558 = ORIENTED_EDGE ( 'NONE', *, *, #1186, .F. ) ;
#559 = CYLINDRICAL_SURFACE ( 'NONE', #69, 0.9999999999999991100 ) ;
#560 = AXIS2_PLACEMENT_3D ( 'NONE', #526, #859, #1311 ) ;
#561 = VECTOR ( 'NONE', #215, 1000.000000000000000 ) ;
#562 = VERTEX_POINT ( 'NONE', #295 ) ;
#563 = EDGE_LOOP ( 'NONE', ( #949, #1063, #693, #882, #1418, #1269, #301, #824 ) ) ;
#564 = PLANE ( 'NONE',  #1499 ) ;
#565 = VERTEX_POINT ( 'NONE', #1312 ) ;
#566 = VERTEX_POINT ( 'NONE', #855 ) ;
#567 = DIRECTION ( 'NONE',  ( 0.0000000000000000000, -0.0000000000000000000, 1.000000000000000000 ) ) ;
#568 = VERTEX_POINT ( 'NONE', #285 ) ;
#569 = EDGE_CURVE ( 'NONE', #785, #104, #611, .T. ) ;
#570 = EDGE_LOOP ( 'NONE', ( #1060, #1049, #819, #419 ) ) ;
#571 = CARTESIAN_POINT ( 'NONE',  ( -13.50000000000000400, 7.703719777548943400E-031, -2.624999999999986700 ) ) ;
#572 = LINE ( 'NONE', #846, #1066 ) ;
#573 = DIRECTION ( 'NONE',  ( 0.0000000000000000000, 0.0000000000000000000, 1.000000000000000000 ) ) ;
#574 = LINE ( 'NONE', #149, #107 ) ;
#575 = ORIENTED_EDGE ( 'NONE', *, *, #227, .T. ) ;
#576 = PRODUCT ( 'ECWFG2J105P1', 'ECWFG2J105P1', '', ( #1211 ) ) ;
#577 = CARTESIAN_POINT ( 'NONE',  ( -13.50000000000000400, 1.000000000000000000, -1.624999999999995300 ) ) ;
#578 = EDGE_LOOP ( 'NONE', ( #944, #322, #1409, #487 ) ) ;
#579 = EDGE_CURVE ( 'NONE', #1462, #1235, #1187, .T. ) ;
#580 = DIRECTION ( 'NONE',  ( 1.000000000000000000, 0.0000000000000000000, -0.0000000000000000000 ) ) ;
#581 = DIRECTION ( 'NONE',  ( -0.0000000000000000000, -0.0000000000000000000, -1.000000000000000000 ) ) ;
#582 = VERTEX_POINT ( 'NONE', #755 ) ;
#583 = AXIS2_PLACEMENT_3D ( 'NONE', #996, #1220, #655 ) ;
#584 = DIRECTION ( 'NONE',  ( 0.0000000000000000000, 1.000000000000000000, 0.0000000000000000000 ) ) ;
#585 = DIRECTION ( 'NONE',  ( 0.0000000000000000000, 1.000000000000000000, 0.0000000000000000000 ) ) ;
#586 = ORIENTED_EDGE ( 'NONE', *, *, #299, .F. ) ;
#587 = AXIS2_PLACEMENT_3D ( 'NONE', #1510, #1027, #1501 ) ;
#588 = CARTESIAN_POINT ( 'NONE',  ( 13.50000000000000000, 1.000000000000000000, 5.250000000000000000 ) ) ;
#589 = VERTEX_POINT ( 'NONE', #991 ) ;
#590 = CARTESIAN_POINT ( 'NONE',  ( -13.50000000000000000, 0.0000000000000000000, 5.250000000000000000 ) ) ;
#591 = VECTOR ( 'NONE', #750, 1000.000000000000000 ) ;
#592 = VECTOR ( 'NONE', #406, 1000.000000000000000 ) ;
#593 = LINE ( 'NONE', #72, #191 ) ;
#594 = LINE ( 'NONE', #1183, #1209 ) ;
#595 = VERTEX_POINT ( 'NONE', #778 ) ;
#596 = DIRECTION ( 'NONE',  ( -0.0000000000000000000, -0.0000000000000000000, -1.000000000000000000 ) ) ;
#597 = PLANE ( 'NONE',  #140 ) ;
#598 = EDGE_CURVE ( 'NONE', #1469, #1156, #51, .T. ) ;
#599 = DIRECTION ( 'NONE',  ( 0.0000000000000000000, 0.0000000000000000000, 1.000000000000000000 ) ) ;
#600 = DIRECTION ( 'NONE',  ( 0.0000000000000000000, -1.000000000000000000, 0.0000000000000000000 ) ) ;
#601 = CARTESIAN_POINT ( 'NONE',  ( 11.25000000000000000, 1.200000000000000000, 0.4999999999999989500 ) ) ;
#602 = EDGE_LOOP ( 'NONE', ( #1266, #897, #816, #558 ) ) ;
#603 = DIRECTION ( 'NONE',  ( 1.000000000000000000, -0.0000000000000000000, -0.0000000000000000000 ) ) ;
#604 = AXIS2_PLACEMENT_3D ( 'NONE', #1386, #318, #1263 ) ;
#605 = DIRECTION ( 'NONE',  ( 1.000000000000000000, 0.0000000000000000000, 0.0000000000000000000 ) ) ;
#606 = ORIENTED_EDGE ( 'NONE', *, *, #158, .F. ) ;
#607 = EDGE_CURVE ( 'NONE', #1283, #568, #942, .T. ) ;
#608 = FACE_OUTER_BOUND ( 'NONE', #1272, .T. ) ;
#609 = CARTESIAN_POINT ( 'NONE',  ( 12.50000000000000000, 17.99999999999999600, -5.250000000000000000 ) ) ;
#610 = VECTOR ( 'NONE', #457, 1000.000000000000000 ) ;
#611 = LINE ( 'NONE', #171, #124 ) ;
#612 = DIRECTION ( 'NONE',  ( 1.000000000000000000, 0.0000000000000000000, 2.081668171172168500E-016 ) ) ;
#613 = CARTESIAN_POINT ( 'NONE',  ( 11.25000000000000000, -41.41421356237307800, -0.4999999999999989500 ) ) ;
#614 = ORIENTED_EDGE ( 'NONE', *, *, #92, .F. ) ;
#615 = DIRECTION ( 'NONE',  ( -0.0000000000000000000, -0.0000000000000000000, -1.000000000000000000 ) ) ;
#616 =( NAMED_UNIT ( * ) PLANE_ANGLE_UNIT ( ) SI_UNIT ( $, .RADIAN. ) );
#617 = ORIENTED_EDGE ( 'NONE', *, *, #975, .F. ) ;
#618 = VERTEX_POINT ( 'NONE', #528 ) ;
#619 = DIRECTION ( 'NONE',  ( -0.7071067811865489100, 0.7071067811865462400, 0.0000000000000000000 ) ) ;
#620 = CARTESIAN_POINT ( 'NONE',  ( -12.79999999999999700, 1.200000000000000000, -4.250000000000000000 ) ) ;
#621 = AXIS2_PLACEMENT_3D ( 'NONE', #753, #1074, #1200 ) ;
#622 = PLANE ( 'NONE',  #1202 ) ;
#623 = DIRECTION ( 'NONE',  ( -1.000000000000000000, 0.0000000000000000000, -2.040851148208008000E-016 ) ) ;
#624 = EDGE_CURVE ( 'NONE', #79, #589, #1023, .T. ) ;
#625 = PLANE ( 'NONE',  #1428 ) ;
#626 = CARTESIAN_POINT ( 'NONE',  ( -5.750000000000004400, 1.000000000000000000, -4.549999999999998900 ) ) ;
#627 = DIRECTION ( 'NONE',  ( 1.000000000000000000, -0.0000000000000000000, -0.0000000000000000000 ) ) ;
#628 = ORIENTED_EDGE ( 'NONE', *, *, #319, .T. ) ;
#629 = DIRECTION ( 'NONE',  ( -0.0000000000000000000, 1.000000000000000000, -0.0000000000000000000 ) ) ;
#630 = ORIENTED_EDGE ( 'NONE', *, *, #1467, .F. ) ;
#631 = CARTESIAN_POINT ( 'NONE',  ( 11.25000000000000000, -19.99999999999999600, 0.4999999999999989500 ) ) ;
#632 = DIRECTION ( 'NONE',  ( -0.0000000000000000000, -1.000000000000000000, -0.0000000000000000000 ) ) ;
#633 = LINE ( 'NONE', #1444, #102 ) ;
#634 = DIRECTION ( 'NONE',  ( 0.0000000000000000000, -0.0000000000000000000, 1.000000000000000000 ) ) ;
#635 = ADVANCED_FACE ( 'NONE', ( #984 ), #1489, .F. ) ;
#636 = VECTOR ( 'NONE', #169, 1000.000000000000000 ) ;
#637 = PRODUCT_DEFINITION_SHAPE ( 'NONE', 'NONE',  #89 ) ;
#638 = UNCERTAINTY_MEASURE_WITH_UNIT (LENGTH_MEASURE( 1.000000000000000100E-005 ), #1097, 'distance_accuracy_value', 'NONE');
#639 = PLANE ( 'NONE',  #905 ) ;
#640 = CARTESIAN_POINT ( 'NONE',  ( -13.50000000000000400, 1.000000000000000000, -1.624999999999995300 ) ) ;
#641 = EDGE_CURVE ( 'NONE', #565, #1040, #1362, .T. ) ;
#642 = LINE ( 'NONE', #1122, #328 ) ;
#643 = DIRECTION ( 'NONE',  ( 0.0000000000000000000, -1.000000000000000000, 0.0000000000000000000 ) ) ;
#644 = VECTOR ( 'NONE', #707, 999.9999999999998900 ) ;
#645 = CARTESIAN_POINT ( 'NONE',  ( -5.750000000000003600, 1.000000000000000000, 5.250000000000000000 ) ) ;
#646 = VECTOR ( 'NONE', #61, 1000.000000000000000 ) ;
#647 = VERTEX_POINT ( 'NONE', #59 ) ;
#648 = DIRECTION ( 'NONE',  ( 0.0000000000000000000, -1.000000000000000000, 0.0000000000000000000 ) ) ;
#649 = CARTESIAN_POINT ( 'NONE',  ( -6.750000000000000000, 0.0000000000000000000, 5.250000000000000000 ) ) ;
#650 = AXIS2_PLACEMENT_3D ( 'NONE', #427, #1252, #85 ) ;
#651 = DIRECTION ( 'NONE',  ( 0.0000000000000000000, 0.0000000000000000000, -1.000000000000000000 ) ) ;
#652 = CARTESIAN_POINT ( 'NONE',  ( -12.50000000000000000, 1.200000000000000000, -4.249999999999998200 ) ) ;
#653 = ORIENTED_EDGE ( 'NONE', *, *, #1344, .T. ) ;
#654 = ADVANCED_FACE ( 'NONE', ( #925 ), #13, .T. ) ;
#655 = DIRECTION ( 'NONE',  ( 0.0000000000000000000, 0.0000000000000000000, 1.000000000000000000 ) ) ;
#656 = DIRECTION ( 'NONE',  ( -0.0000000000000000000, -1.000000000000000000, -0.0000000000000000000 ) ) ;
#657 = VECTOR ( 'NONE', #414, 1000.000000000000000 ) ;
#658 = ORIENTED_EDGE ( 'NONE', *, *, #1411, .T. ) ;
#659 = LINE ( 'NONE', #705, #1022 ) ;
#660 = DIRECTION ( 'NONE',  ( 0.0000000000000000000, 1.000000000000000000, 0.0000000000000000000 ) ) ;
#661 = CYLINDRICAL_SURFACE ( 'NONE', #560, 0.9999999999999991100 ) ;
#662 = ORIENTED_EDGE ( 'NONE', *, *, #1135, .T. ) ;
#663 = CARTESIAN_POINT ( 'NONE',  ( -12.79999999999999700, 1.200000000000000000, 4.250000000000000000 ) ) ;
#664 = EDGE_CURVE ( 'NONE', #376, #1217, #642, .T. ) ;
#665 = CLOSED_SHELL ( 'NONE', ( #1000, #511, #885, #176 ) ) ;
#666 = ORIENTED_EDGE ( 'NONE', *, *, #444, .F. ) ;
#667 = DIRECTION ( 'NONE',  ( -0.0000000000000000000, -0.0000000000000000000, -1.000000000000000000 ) ) ;
#668 = PLANE ( 'NONE',  #1298 ) ;
#669 = AXIS2_PLACEMENT_3D ( 'NONE', #704, #584, #1174 ) ;
#670 = EDGE_CURVE ( 'NONE', #1363, #589, #593, .T. ) ;
#671 = DIRECTION ( 'NONE',  ( -0.7071067811865462400, -0.7071067811865489100, 0.0000000000000000000 ) ) ;
#672 =( LENGTH_UNIT ( ) NAMED_UNIT ( * ) SI_UNIT ( .MILLI., .METRE. ) );
#673 = ORIENTED_EDGE ( 'NONE', *, *, #471, .T. ) ;
#674 = CARTESIAN_POINT ( 'NONE',  ( -12.50000000000000000, -0.0000000000000000000, -4.549999999999998900 ) ) ;
#675 = AXIS2_PLACEMENT_3D ( 'NONE', #186, #648, #765 ) ;
#676 = LINE ( 'NONE', #278, #355 ) ;
#677 = ORIENTED_EDGE ( 'NONE', *, *, #268, .F. ) ;
#678 = LINE ( 'NONE', #626, #1053 ) ;
#679 = PLANE ( 'NONE',  #727 ) ;
#680 = LINE ( 'NONE', #956, #1492 ) ;
#681 = ORIENTED_EDGE ( 'NONE', *, *, #1021, .T. ) ;
#682 = ORIENTED_EDGE ( 'NONE', *, *, #74, .T. ) ;
#683 = LINE ( 'NONE', #613, #363 ) ;
#684 = ORIENTED_EDGE ( 'NONE', *, *, #624, .T. ) ;
#685 = EDGE_LOOP ( 'NONE', ( #446, #1133, #430, #1400, #739, #506, #909, #465 ) ) ;
#686 = DIRECTION ( 'NONE',  ( -6.814637407481654200E-017, 0.7071067811865463500, -0.7071067811865487900 ) ) ;
#687 = ORIENTED_EDGE ( 'NONE', *, *, #1159, .T. ) ;
#688 = DIRECTION ( 'NONE',  ( -0.0000000000000000000, 1.000000000000000000, -0.0000000000000000000 ) ) ;
#689 = EDGE_CURVE ( 'NONE', #562, #146, #961, .T. ) ;
#690 = ORIENTED_EDGE ( 'NONE', *, *, #92, .T. ) ;
#691 = DIRECTION ( 'NONE',  ( 0.0000000000000000000, 0.0000000000000000000, 1.000000000000000000 ) ) ;
#692 = VECTOR ( 'NONE', #581, 1000.000000000000000 ) ;
#693 = ORIENTED_EDGE ( 'NONE', *, *, #945, .T. ) ;
#694 = CIRCLE ( 'NONE', #379, 1.000000000000000000 ) ;
#695 = PLANE ( 'NONE',  #988 ) ;
#696 = AXIS2_PLACEMENT_3D ( 'NONE', #826, #1177, #937 ) ;
#697 = CYLINDRICAL_SURFACE ( 'NONE', #1093, 1.000000000000000900 ) ;
#698 = LINE ( 'NONE', #588, #1508 ) ;
#699 = ORIENTED_EDGE ( 'NONE', *, *, #340, .T. ) ;
#700 = EDGE_CURVE ( 'NONE', #947, #1465, #371, .T. ) ;
#701 = DIRECTION ( 'NONE',  ( -1.000000000000000000, 0.0000000000000000000, 0.0000000000000000000 ) ) ;
#702 = ORIENTED_EDGE ( 'NONE', *, *, #1004, .T. ) ;
#703 = ORIENTED_EDGE ( 'NONE', *, *, #1331, .T. ) ;
#704 = CARTESIAN_POINT ( 'NONE',  ( 6.750000000000007100, 0.0000000000000000000, 5.250000000000000000 ) ) ;
#705 = CARTESIAN_POINT ( 'NONE',  ( -13.50000000000000400, 1.000000000000000000, 1.624999999999995300 ) ) ;
#706 = ORIENTED_EDGE ( 'NONE', *, *, #1500, .F. ) ;
#707 = DIRECTION ( 'NONE',  ( 0.7071067811865489100, -0.7071067811865462400, 1.471961680016041900E-016 ) ) ;
#708 = AXIS2_PLACEMENT_3D ( 'NONE', #1243, #786, #206 ) ;
#709 = ORIENTED_EDGE ( 'NONE', *, *, #579, .F. ) ;
#710 = EDGE_LOOP ( 'NONE', ( #473, #454, #383, #1136 ) ) ;
#711 = DIRECTION ( 'NONE',  ( -1.000000000000000000, 0.0000000000000000000, 0.0000000000000000000 ) ) ;
#712 = EDGE_CURVE ( 'NONE', #1157, #1008, #418, .T. ) ;
#713 = VECTOR ( 'NONE', #656, 1000.000000000000000 ) ;
#714 = FACE_OUTER_BOUND ( 'NONE', #129, .T. ) ;
#715 = DIRECTION ( 'NONE',  ( 0.0000000000000000000, 1.000000000000000000, 0.0000000000000000000 ) ) ;
#716 = VECTOR ( 'NONE', #1448, 1000.000000000000000 ) ;
#717 = ORIENTED_EDGE ( 'NONE', *, *, #1126, .T. ) ;
#718 = VECTOR ( 'NONE', #1504, 1000.000000000000000 ) ;
#719 = CARTESIAN_POINT ( 'NONE',  ( 12.50000000000000000, 17.99999999999999300, 4.250000000000000000 ) ) ;
#720 = EDGE_CURVE ( 'NONE', #800, #1040, #477, .T. ) ;
#721 = CARTESIAN_POINT ( 'NONE',  ( -13.50000000000000400, 7.703719777548943400E-031, -2.624999999999986700 ) ) ;
#722 = CARTESIAN_POINT ( 'NONE',  ( 12.80000000000000400, 0.0000000000000000000, 4.250000000000000000 ) ) ;
#723 = DIRECTION ( 'NONE',  ( 0.0000000000000000000, -0.0000000000000000000, 1.000000000000000000 ) ) ;
#724 = DIRECTION ( 'NONE',  ( 0.0000000000000000000, -1.000000000000000000, 0.0000000000000000000 ) ) ;
#725 = PLANE ( 'NONE',  #1397 ) ;
#726 = EDGE_LOOP ( 'NONE', ( #1259, #929, #1464, #183 ) ) ;
#727 = AXIS2_PLACEMENT_3D ( 'NONE', #1006, #1166, #916 ) ;
#728 = CARTESIAN_POINT ( 'NONE',  ( -13.50000000000000400, 0.0000000000000000000, 2.624999999999998700 ) ) ;
#729 = CARTESIAN_POINT ( 'NONE',  ( 5.750000000000003600, 1.000000000000000000, 4.549999999999998900 ) ) ;
#730 = CIRCLE ( 'NONE', #207, 1.000000000000000000 ) ;
#731 = CIRCLE ( 'NONE', #1342, 1.000000000000000000 ) ;
#732 = ORIENTED_EDGE ( 'NONE', *, *, #1356, .T. ) ;
#733 = FACE_OUTER_BOUND ( 'NONE', #252, .T. ) ;
#734 = DIRECTION ( 'NONE',  ( -0.7071067811865489100, 0.7071067811865462400, 4.906538933386807100E-017 ) ) ;
#735 = FACE_OUTER_BOUND ( 'NONE', #1486, .T. ) ;
#736 = ORIENTED_EDGE ( 'NONE', *, *, #689, .F. ) ;
#737 = CIRCLE ( 'NONE', #459, 1.000000000000000000 ) ;
#738 = DIRECTION ( 'NONE',  ( -1.000000000000000000, 0.0000000000000000000, -2.081668171172168500E-016 ) ) ;
#739 = ORIENTED_EDGE ( 'NONE', *, *, #1179, .T. ) ;
#740 = DIRECTION ( 'NONE',  ( 0.0000000000000000000, 0.7071067811865487900, 0.7071067811865463500 ) ) ;
#741 = ORIENTED_EDGE ( 'NONE', *, *, #917, .T. ) ;
#742 = EDGE_CURVE ( 'NONE', #157, #890, #1343, .T. ) ;
#743 = ORIENTED_EDGE ( 'NONE', *, *, #200, .T. ) ;
#744 = CARTESIAN_POINT ( 'NONE',  ( 12.49999999999999600, 1.200000000000000000, -4.250000000000001800 ) ) ;
#745 = EDGE_LOOP ( 'NONE', ( #938, #1288, #914, #1048, #127, #747, #575, #223 ) ) ;
#746 = DIRECTION ( 'NONE',  ( 0.0000000000000000000, 0.7071067811865443500, -0.7071067811865506800 ) ) ;
#747 = ORIENTED_EDGE ( 'NONE', *, *, #878, .F. ) ;
#748 = CARTESIAN_POINT ( 'NONE',  ( 12.80000000000000400, 1.200000000000000000, 4.250000000000000000 ) ) ;
#749 = PLANE ( 'NONE',  #1192 ) ;
#750 = DIRECTION ( 'NONE',  ( 1.000000000000000000, 0.0000000000000000000, -6.938893903907228400E-017 ) ) ;
#751 = EDGE_CURVE ( 'NONE', #172, #524, #1118, .T. ) ;
#752 = DIRECTION ( 'NONE',  ( -2.040851148208008000E-016, 0.0000000000000000000, 1.000000000000000000 ) ) ;
#753 = CARTESIAN_POINT ( 'NONE',  ( -13.50000000000000400, 0.0000000000000000000, 2.624999999999998700 ) ) ;
#754 = FACE_OUTER_BOUND ( 'NONE', #1463, .T. ) ;
#755 = CARTESIAN_POINT ( 'NONE',  ( 12.49999999999999800, 1.200000000000000000, 4.549999999999999800 ) ) ;
#756 = CYLINDRICAL_SURFACE ( 'NONE', #1018, 1.000000000000000900 ) ;
#757 = SURFACE_STYLE_USAGE ( .BOTH. , #164 ) ;
#758 = DIRECTION ( 'NONE',  ( -9.637352644315600200E-017, 1.000000000000000000, 0.0000000000000000000 ) ) ;
#759 =( NAMED_UNIT ( * ) SI_UNIT ( $, .STERADIAN. ) SOLID_ANGLE_UNIT ( ) );
#760 = ADVANCED_FACE ( 'NONE', ( #774 ), #1147, .F. ) ;
#761 = ORIENTED_EDGE ( 'NONE', *, *, #219, .T. ) ;
#762 = AXIS2_PLACEMENT_3D ( 'NONE', #502, #515, #392 ) ;
#763 = ORIENTED_EDGE ( 'NONE', *, *, #794, .T. ) ;
#764 = AXIS2_PLACEMENT_3D ( 'NONE', #1130, #1354, #894 ) ;
#765 = DIRECTION ( 'NONE',  ( 0.0000000000000000000, 0.0000000000000000000, -1.000000000000000000 ) ) ;
#766 = CARTESIAN_POINT ( 'NONE',  ( -6.750000000000000000, 0.0000000000000000000, -5.250000000000000000 ) ) ;
#767 = EDGE_LOOP ( 'NONE', ( #196, #699, #1488, #424 ) ) ;
#768 = CARTESIAN_POINT ( 'NONE',  ( 6.750000000000007100, 0.0000000000000000000, 5.250000000000000000 ) ) ;
#769 = ORIENTED_EDGE ( 'NONE', *, *, #236, .F. ) ;
#770 = CARTESIAN_POINT ( 'NONE',  ( -11.25000000000000000, -41.41421356237307800, 0.0000000000000000000 ) ) ;
#771 = VECTOR ( 'NONE', #1210, 1000.000000000000000 ) ;
#772 = LINE ( 'NONE', #721, #1222 ) ;
#773 = EDGE_CURVE ( 'NONE', #36, #9, #243, .T. ) ;
#774 = FACE_OUTER_BOUND ( 'NONE', #1447, .T. ) ;
#775 = CARTESIAN_POINT ( 'NONE',  ( -11.25000000000000000, -41.41421356237307800, 0.4999999999999989500 ) ) ;
#776 = CIRCLE ( 'NONE', #1163, 1.000000000000000900 ) ;
#777 = EDGE_LOOP ( 'NONE', ( #1306, #893, #470, #185, #1002, #316, #606, #617 ) ) ;
#778 = CARTESIAN_POINT ( 'NONE',  ( 12.50000000000000000, 0.0000000000000000000, 5.250000000000000000 ) ) ;
#779 = FACE_OUTER_BOUND ( 'NONE', #39, .T. ) ;
#780 = ORIENTED_EDGE ( 'NONE', *, *, #1234, .T. ) ;
#781 = ORIENTED_EDGE ( 'NONE', *, *, #1014, .F. ) ;
#782 = AXIS2_PLACEMENT_3D ( 'NONE', #1089, #1214, #1307 ) ;
#783 = EDGE_CURVE ( 'NONE', #291, #873, #1393, .T. ) ;
#784 = CARTESIAN_POINT ( 'NONE',  ( 12.80000000000000100, 0.9999999999999920100, -1.625000000000003300 ) ) ;
#785 = VERTEX_POINT ( 'NONE', #434 ) ;
#786 = DIRECTION ( 'NONE',  ( 0.0000000000000000000, -1.000000000000000000, -0.0000000000000000000 ) ) ;
#787 = DIRECTION ( 'NONE',  ( 0.0000000000000000000, -1.000000000000000000, 0.0000000000000000000 ) ) ;
#788 = PRESENTATION_STYLE_ASSIGNMENT (( #545 ) ) ;
#789 = CARTESIAN_POINT ( 'NONE',  ( -12.50000000000000000, 17.99999999999999300, -4.250000000000000900 ) ) ;
#790 = VECTOR ( 'NONE', #1375, 1000.000000000000000 ) ;
#791 = DIRECTION ( 'NONE',  ( 9.637352644315600200E-017, 1.000000000000000000, -0.0000000000000000000 ) ) ;
#792 = FACE_OUTER_BOUND ( 'NONE', #837, .T. ) ;
#793 = EDGE_LOOP ( 'NONE', ( #761, #1172, #1117 ) ) ;
#794 = EDGE_CURVE ( 'NONE', #172, #146, #1264, .T. ) ;
#795 = FACE_OUTER_BOUND ( 'NONE', #298, .T. ) ;
#796 = DIRECTION ( 'NONE',  ( -1.000000000000000000, 0.0000000000000000000, 0.0000000000000000000 ) ) ;
#797 = ORIENTED_EDGE ( 'NONE', *, *, #546, .T. ) ;
#798 = CARTESIAN_POINT ( 'NONE',  ( 12.50000000000000000, 18.99999999999999600, 4.250000000000000000 ) ) ;
#799 = ORIENTED_EDGE ( 'NONE', *, *, #1046, .F. ) ;
#800 = VERTEX_POINT ( 'NONE', #798 ) ;
#801 = FACE_OUTER_BOUND ( 'NONE', #685, .T. ) ;
#802 = AXIS2_PLACEMENT_3D ( 'NONE', #314, #805, #915 ) ;
#803 = LINE ( 'NONE', #366, #476 ) ;
#804 = ORIENTED_EDGE ( 'NONE', *, *, #1367, .T. ) ;
#805 = DIRECTION ( 'NONE',  ( 0.0000000000000000000, 1.000000000000000000, 0.0000000000000000000 ) ) ;
#806 = FACE_OUTER_BOUND ( 'NONE', #431, .T. ) ;
#807 = ORIENTED_EDGE ( 'NONE', *, *, #1445, .F. ) ;
#808 = CARTESIAN_POINT ( 'NONE',  ( 11.25000000000000000, -19.99999999999999600, -0.4999999999999989500 ) ) ;
#809 = EDGE_CURVE ( 'NONE', #403, #132, #1139, .T. ) ;
#810 = EDGE_LOOP ( 'NONE', ( #420, #1072, #264, #903, #277, #850, #817, #1054 ) ) ;
#811 = CARTESIAN_POINT ( 'NONE',  ( -12.50000000000000400, 1.200000000000000000, 4.549999999999995400 ) ) ;
#812 = DIRECTION ( 'NONE',  ( 1.000000000000000000, -0.0000000000000000000, -0.0000000000000000000 ) ) ;
#813 = FACE_OUTER_BOUND ( 'NONE', #455, .T. ) ;
#814 = CARTESIAN_POINT ( 'NONE',  ( -12.50000000000000000, 17.99999999999999600, 4.250000000000000000 ) ) ;
#815 = SPHERICAL_SURFACE ( 'NONE', #802, 1.000000000000000000 ) ;
#816 = ORIENTED_EDGE ( 'NONE', *, *, #1073, .T. ) ;
#817 = ORIENTED_EDGE ( 'NONE', *, *, #1051, .F. ) ;
#818 = EDGE_CURVE ( 'NONE', #91, #1462, #1094, .T. ) ;
#819 = ORIENTED_EDGE ( 'NONE', *, *, #1319, .T. ) ;
#820 = CARTESIAN_POINT ( 'NONE',  ( 12.50000000000000000, 17.99999999999999300, -5.250000000000000000 ) ) ;
#821 = DIRECTION ( 'NONE',  ( -0.0000000000000000000, -0.0000000000000000000, -1.000000000000000000 ) ) ;
#822 = AXIS2_PLACEMENT_3D ( 'NONE', #1382, #701, #1154 ) ;
#823 = VERTEX_POINT ( 'NONE', #78 ) ;
#824 = ORIENTED_EDGE ( 'NONE', *, *, #523, .T. ) ;
#825 = VECTOR ( 'NONE', #851, 1000.000000000000000 ) ;
#826 = CARTESIAN_POINT ( 'NONE',  ( -12.50000000000000000, 17.99999999999999300, 5.250000000000000000 ) ) ;
#827 = LINE ( 'NONE', #1407, #190 ) ;
#828 = VECTOR ( 'NONE', #126, 1000.000000000000000 ) ;
#829 = ORIENTED_EDGE ( 'NONE', *, *, #425, .T. ) ;
#830 = CARTESIAN_POINT ( 'NONE',  ( 12.80000000000000200, 0.0000000000000000000, 2.624999999999998700 ) ) ;
#831 = SURFACE_SIDE_STYLE ('',( #1219 ) ) ;
#832 = EDGE_CURVE ( 'NONE', #1309, #305, #105, .T. ) ;
#833 = DIRECTION ( 'NONE',  ( -0.0000000000000000000, -1.000000000000000000, -0.0000000000000000000 ) ) ;
#834 = CARTESIAN_POINT ( 'NONE',  ( 12.49999999999999800, 17.99999999999999300, -5.250000000000000000 ) ) ;
#835 = CARTESIAN_POINT ( 'NONE',  ( -12.79999999999999700, -0.0000000000000000000, -4.250000000000000000 ) ) ;
#836 = DIRECTION ( 'NONE',  ( 1.000000000000000000, 0.0000000000000000000, -6.122553444624023000E-016 ) ) ;
#837 = EDGE_LOOP ( 'NONE', ( #763, #736, #1038, #1032 ) ) ;
#838 = CARTESIAN_POINT ( 'NONE',  ( 13.50000000000000000, 9.637352644315586600E-017, 4.250000000000000000 ) ) ;
#839 = CYLINDRICAL_SURFACE ( 'NONE', #353, 0.4999999999999989500 ) ;
#840 = DIRECTION ( 'NONE',  ( -9.637352644315600200E-017, -1.000000000000000000, 0.0000000000000000000 ) ) ;
#841 = LINE ( 'NONE', #350, #228 ) ;
#842 = CARTESIAN_POINT ( 'NONE',  ( 11.25000000000000000, -41.41421356237307800, 0.4999999999999989500 ) ) ;
#843 = ADVANCED_FACE ( 'NONE', ( #889 ), #1479, .T. ) ;
#844 = FACE_OUTER_BOUND ( 'NONE', #570, .T. ) ;
#845 = VERTEX_POINT ( 'NONE', #549 ) ;
#846 = CARTESIAN_POINT ( 'NONE',  ( -13.50000000000000400, 1.000000000000000000, -1.624999999999995300 ) ) ;
#847 = CARTESIAN_POINT ( 'NONE',  ( -11.25000000000000000, -19.99999999999999600, 0.0000000000000000000 ) ) ;
#848 = AXIS2_PLACEMENT_3D ( 'NONE', #744, #517, #165 ) ;
#849 = FILL_AREA_STYLE_COLOUR ( '', #940 ) ;
#850 = ORIENTED_EDGE ( 'NONE', *, *, #751, .T. ) ;
#851 = DIRECTION ( 'NONE',  ( 2.040851148208008200E-016, -0.0000000000000000000, -1.000000000000000000 ) ) ;
#852 = EDGE_CURVE ( 'NONE', #1008, #568, #1039, .T. ) ;
#853 = CARTESIAN_POINT ( 'NONE',  ( 5.750000000000003600, 1.000000000000000000, 5.250000000000000000 ) ) ;
#854 = CARTESIAN_POINT ( 'NONE',  ( 6.750000000000006200, 0.0000000000000000000, -4.549999999999999800 ) ) ;
#855 = CARTESIAN_POINT ( 'NONE',  ( -12.50000000000000000, 1.200000000000000000, -4.549999999999997200 ) ) ;
#856 = ADVANCED_FACE ( 'NONE', ( #806 ), #435, .T. ) ;
#857 = CARTESIAN_POINT ( 'NONE',  ( -12.50000000000000000, 17.99999999999999600, 5.250000000000000000 ) ) ;
#858 = DIRECTION ( 'NONE',  ( -1.000000000000000000, 0.0000000000000000000, -2.081668171172168500E-016 ) ) ;
#859 = DIRECTION ( 'NONE',  ( 9.637352644315600200E-017, -1.000000000000000000, 0.0000000000000000000 ) ) ;
#860 = PLANE ( 'NONE',  #121 ) ;
#861 = DIRECTION ( 'NONE',  ( 1.000000000000000000, 0.0000000000000000000, 0.0000000000000000000 ) ) ;
#862 =( GEOMETRIC_REPRESENTATION_CONTEXT ( 3 ) GLOBAL_UNCERTAINTY_ASSIGNED_CONTEXT ( ( #453 ) ) GLOBAL_UNIT_ASSIGNED_CONTEXT ( ( #672, #307, #1239 ) ) REPRESENTATION_CONTEXT ( 'NONE', 'WORKASPACE' ) );
#863 = CARTESIAN_POINT ( 'NONE',  ( -13.49999999999999800, 17.99999999999999300, 4.250000000000000000 ) ) ;
#864 = CARTESIAN_POINT ( 'NONE',  ( -12.50000000000000000, 1.200000000000000000, -4.549999999999998900 ) ) ;
#865 = LINE ( 'NONE', #838, #1412 ) ;
#866 = ADVANCED_FACE ( 'NONE', ( #733 ), #679, .F. ) ;
#867 = VECTOR ( 'NONE', #1052, 1000.000000000000000 ) ;
#868 = CARTESIAN_POINT ( 'NONE',  ( -11.25000000000000000, -41.41421356237307800, -0.4999999999999989500 ) ) ;
#869 = VECTOR ( 'NONE', #1114, 1000.000000000000000 ) ;
#870 = SPHERICAL_SURFACE ( 'NONE', #452, 1.000000000000000000 ) ;
#871 = EDGE_LOOP ( 'NONE', ( #673, #985, #628, #966 ) ) ;
#872 = CARTESIAN_POINT ( 'NONE',  ( 12.50000000000000000, 17.99999999999999600, 4.250000000000000000 ) ) ;
#873 = VERTEX_POINT ( 'NONE', #218 ) ;
#874 = DIRECTION ( 'NONE',  ( 0.0000000000000000000, 0.0000000000000000000, 1.000000000000000000 ) ) ;
#875 = AXIS2_PLACEMENT_3D ( 'NONE', #847, #1292, #1193 ) ;
#876 = CARTESIAN_POINT ( 'NONE',  ( 12.49999999999999800, 1.200000000000000000, 4.250000000000000000 ) ) ;
#877 = AXIS2_PLACEMENT_3D ( 'NONE', #251, #1059, #8 ) ;
#878 = EDGE_CURVE ( 'NONE', #1055, #595, #1007, .T. ) ;
#879 = CARTESIAN_POINT ( 'NONE',  ( 12.50000000000000000, 0.0000000000000000000, -4.549999999999999800 ) ) ;
#880 = DIRECTION ( 'NONE',  ( 0.0000000000000000000, 1.000000000000000000, 0.0000000000000000000 ) ) ;
#881 = DIRECTION ( 'NONE',  ( -2.040851148208008200E-016, 0.0000000000000000000, 1.000000000000000000 ) ) ;
#882 = ORIENTED_EDGE ( 'NONE', *, *, #712, .T. ) ;
#883 = ADVANCED_FACE ( 'NONE', ( #1378 ), #564, .F. ) ;
#884 = ORIENTED_EDGE ( 'NONE', *, *, #63, .F. ) ;
#885 = ADVANCED_FACE ( 'NONE', ( #714 ), #122, .T. ) ;
#886 = CIRCLE ( 'NONE', #993, 1.000000000000000900 ) ;
#887 = CARTESIAN_POINT ( 'NONE',  ( -5.750000000000003600, 1.000000000000000000, -4.549999999999998900 ) ) ;
#888 = EDGE_CURVE ( 'NONE', #22, #313, #1434, .T. ) ;
#889 = FACE_OUTER_BOUND ( 'NONE', #563, .T. ) ;
#890 = VERTEX_POINT ( 'NONE', #112 ) ;
#891 = DIRECTION ( 'NONE',  ( 0.0000000000000000000, 0.0000000000000000000, -1.000000000000000000 ) ) ;
#892 = FACE_OUTER_BOUND ( 'NONE', #1496, .T. ) ;
#893 = ORIENTED_EDGE ( 'NONE', *, *, #497, .F. ) ;
#894 = DIRECTION ( 'NONE',  ( 0.0000000000000000000, -0.0000000000000000000, 1.000000000000000000 ) ) ;
#895 = VERTEX_POINT ( 'NONE', #1497 ) ;
#896 = DIRECTION ( 'NONE',  ( -1.000000000000000000, 0.0000000000000000000, 0.0000000000000000000 ) ) ;
#897 = ORIENTED_EDGE ( 'NONE', *, *, #1421, .T. ) ;
#898 = DIRECTION ( 'NONE',  ( -9.637352644315600200E-017, -1.000000000000000000, 0.0000000000000000000 ) ) ;
#899 = EDGE_CURVE ( 'NONE', #1040, #947, #1291, .T. ) ;
#900 = DIRECTION ( 'NONE',  ( 1.000000000000000000, -0.0000000000000000000, -0.0000000000000000000 ) ) ;
#901 = ORIENTED_EDGE ( 'NONE', *, *, #720, .F. ) ;
#902 = CARTESIAN_POINT ( 'NONE',  ( -13.49999999999999800, 17.99999999999999300, -4.250000000000000900 ) ) ;
#903 = ORIENTED_EDGE ( 'NONE', *, *, #144, .T. ) ;
#904 = ORIENTED_EDGE ( 'NONE', *, *, #347, .F. ) ;
#905 = AXIS2_PLACEMENT_3D ( 'NONE', #529, #660, #1009 ) ;
#906 = CIRCLE ( 'NONE', #1299, 0.2999999999999964400 ) ;
#907 = AXIS2_PLACEMENT_3D ( 'NONE', #1267, #1042, #1373 ) ;
#908 = CIRCLE ( 'NONE', #1035, 0.3000000000000025400 ) ;
#909 = ORIENTED_EDGE ( 'NONE', *, *, #1261, .T. ) ;
#910 = VECTOR ( 'NONE', #738, 1000.000000000000000 ) ;
#911 = FACE_OUTER_BOUND ( 'NONE', #578, .T. ) ;
#912 = ORIENTED_EDGE ( 'NONE', *, *, #245, .T. ) ;
#913 = ORIENTED_EDGE ( 'NONE', *, *, #23, .T. ) ;
#914 = ORIENTED_EDGE ( 'NONE', *, *, #533, .T. ) ;
#915 = DIRECTION ( 'NONE',  ( 1.000000000000000000, 0.0000000000000000000, 0.0000000000000000000 ) ) ;
#916 = DIRECTION ( 'NONE',  ( -0.7071067811865489100, 0.7071067811865462400, 0.0000000000000000000 ) ) ;
#917 = EDGE_CURVE ( 'NONE', #313, #1180, #659, .T. ) ;
#918 = ORIENTED_EDGE ( 'NONE', *, *, #1159, .F. ) ;
#919 = CARTESIAN_POINT ( 'NONE',  ( 12.50000000000000000, 17.99999999999999300, -4.249999999999997300 ) ) ;
#920 = CARTESIAN_POINT ( 'NONE',  ( 12.80000000000000400, 1.000000000000000000, 5.249999999999989300 ) ) ;
#921 = VECTOR ( 'NONE', #12, 1000.000000000000000 ) ;
#922 = FACE_OUTER_BOUND ( 'NONE', #1348, .T. ) ;
#923 = EDGE_CURVE ( 'NONE', #254, #1462, #163, .T. ) ;
#924 = CARTESIAN_POINT ( 'NONE',  ( -12.50000000000000000, 1.200000000000000000, -4.549999999999998900 ) ) ;
#925 = FACE_OUTER_BOUND ( 'NONE', #871, .T. ) ;
#926 = VERTEX_POINT ( 'NONE', #556 ) ;
#927 = ORIENTED_EDGE ( 'NONE', *, *, #1100, .T. ) ;
#928 = ORIENTED_EDGE ( 'NONE', *, *, #485, .F. ) ;
#929 = ORIENTED_EDGE ( 'NONE', *, *, #700, .T. ) ;
#930 = CARTESIAN_POINT ( 'NONE',  ( 11.25000000000000000, -19.99999999999999600, 0.0000000000000000000 ) ) ;
#931 = CARTESIAN_POINT ( 'NONE',  ( 12.50000000000000000, 1.200000000000000000, -4.549999999999999800 ) ) ;
#932 = ORIENTED_EDGE ( 'NONE', *, *, #471, .F. ) ;
#933 = DIRECTION ( 'NONE',  ( 0.0000000000000000000, 0.0000000000000000000, 1.000000000000000000 ) ) ;
#934 = EDGE_CURVE ( 'NONE', #58, #785, #273, .T. ) ;
#935 = ORIENTED_EDGE ( 'NONE', *, *, #523, .F. ) ;
#936 = ORIENTED_EDGE ( 'NONE', *, *, #1084, .F. ) ;
#937 = DIRECTION ( 'NONE',  ( -1.000000000000000000, 0.0000000000000000000, 0.0000000000000000000 ) ) ;
#938 = ORIENTED_EDGE ( 'NONE', *, *, #934, .F. ) ;
#939 = CARTESIAN_POINT ( 'NONE',  ( 12.50000000000000000, 18.99999999999999600, -4.250000000000000900 ) ) ;
#940 = COLOUR_RGB ( '',0.7921568627450980000, 0.8196078431372548800, 0.9333333333333333500 ) ;
#941 = LINE ( 'NONE', #490, #592 ) ;
#942 = LINE ( 'NONE', #1103, #393 ) ;
#943 =( GEOMETRIC_REPRESENTATION_CONTEXT ( 3 ) GLOBAL_UNCERTAINTY_ASSIGNED_CONTEXT ( ( #1045 ) ) GLOBAL_UNIT_ASSIGNED_CONTEXT ( ( #1303, #616, #1079 ) ) REPRESENTATION_CONTEXT ( 'NONE', 'WORKASPACE' ) );
#944 = ORIENTED_EDGE ( 'NONE', *, *, #1270, .T. ) ;
#945 = EDGE_CURVE ( 'NONE', #618, #1157, #1457, .T. ) ;
#946 = CARTESIAN_POINT ( 'NONE',  ( 12.49999999999999800, 1.200000000000000000, 4.250000000000000000 ) ) ;
#947 = VERTEX_POINT ( 'NONE', #1158 ) ;
#948 = COLOUR_RGB ( '',0.7921568627450980000, 0.8196078431372548800, 0.9333333333333333500 ) ;
#949 = ORIENTED_EDGE ( 'NONE', *, *, #1112, .T. ) ;
#950 = AXIS2_PLACEMENT_3D ( 'NONE', #652, #632, #891 ) ;
#951 = CARTESIAN_POINT ( 'NONE',  ( 12.80000000000000400, 0.0000000000000000000, 4.250000000000000000 ) ) ;
#952 = CARTESIAN_POINT ( 'NONE',  ( 12.50000000000000000, 18.99999999999999600, 5.250000000000000000 ) ) ;
#953 = EDGE_CURVE ( 'NONE', #964, #146, #1168, .T. ) ;
#954 = ORIENTED_EDGE ( 'NONE', *, *, #1234, .F. ) ;
#955 = PLANE ( 'NONE',  #1173 ) ;
#956 = CARTESIAN_POINT ( 'NONE',  ( -6.750000000000000000, 0.0000000000000000000, 5.250000000000000000 ) ) ;
#957 = DIRECTION ( 'NONE',  ( -0.0000000000000000000, -1.000000000000000000, -0.0000000000000000000 ) ) ;
#958 = VECTOR ( 'NONE', #402, 1000.000000000000000 ) ;
#959 = VERTEX_POINT ( 'NONE', #808 ) ;
#960 = CARTESIAN_POINT ( 'NONE',  ( 5.750000000000003600, 1.000000000000000000, 5.250000000000000000 ) ) ;
#961 = LINE ( 'NONE', #184, #139 ) ;
#962 = LINE ( 'NONE', #1282, #143 ) ;
#963 = DIRECTION ( 'NONE',  ( 0.0000000000000000000, 0.0000000000000000000, 1.000000000000000000 ) ) ;
#964 = VERTEX_POINT ( 'NONE', #1391 ) ;
#965 = EDGE_CURVE ( 'NONE', #1465, #79, #694, .T. ) ;
#966 = ORIENTED_EDGE ( 'NONE', *, *, #365, .F. ) ;
#967 = CARTESIAN_POINT ( 'NONE',  ( -12.50000000000000000, -0.0000000000000000000, -4.249999999999998200 ) ) ;
#968 = ORIENTED_EDGE ( 'NONE', *, *, #953, .F. ) ;
#969 = ADVANCED_FACE ( 'NONE', ( #341 ), #27, .T. ) ;
#970 = DIRECTION ( 'NONE',  ( 0.7071067811865487900, -0.7071067811865463500, 0.0000000000000000000 ) ) ;
#971 = DIRECTION ( 'NONE',  ( 1.000000000000000000, -0.0000000000000000000, -0.0000000000000000000 ) ) ;
#972 = VERTEX_POINT ( 'NONE', #449 ) ;
#973 =( GEOMETRIC_REPRESENTATION_CONTEXT ( 3 ) GLOBAL_UNCERTAINTY_ASSIGNED_CONTEXT ( ( #98 ) ) GLOBAL_UNIT_ASSIGNED_CONTEXT ( ( #1228, #1456, #1111 ) ) REPRESENTATION_CONTEXT ( 'NONE', 'WORKASPACE' ) );
#974 = CARTESIAN_POINT ( 'NONE',  ( -13.50000000000000400, 0.0000000000000000000, 2.624999999999998700 ) ) ;
#975 = EDGE_CURVE ( 'NONE', #1142, #240, #1153, .T. ) ;
#976 = ORIENTED_EDGE ( 'NONE', *, *, #1290, .F. ) ;
#977 = APPLICATION_CONTEXT ( 'automotive_design' ) ;
#978 = ADVANCED_FACE ( 'NONE', ( #922 ), #1150, .F. ) ;
#979 = DIRECTION ( 'NONE',  ( -0.0000000000000000000, -0.0000000000000000000, -1.000000000000000000 ) ) ;
#980 = FACE_OUTER_BOUND ( 'NONE', #710, .T. ) ;
#981 = VECTOR ( 'NONE', #629, 1000.000000000000000 ) ;
#982 = ORIENTED_EDGE ( 'NONE', *, *, #245, .F. ) ;
#983 = SURFACE_SIDE_STYLE ('',( #120 ) ) ;
#984 = FACE_OUTER_BOUND ( 'NONE', #5, .T. ) ;
#985 = ORIENTED_EDGE ( 'NONE', *, *, #598, .T. ) ;
#986 = CARTESIAN_POINT ( 'NONE',  ( 12.50000000000000000, 0.0000000000000000000, -4.250000000000000900 ) ) ;
#987 = CARTESIAN_POINT ( 'NONE',  ( 12.80000000000000100, 1.000000000000000000, -1.624999999999995300 ) ) ;
#988 = AXIS2_PLACEMENT_3D ( 'NONE', #1247, #248, #1392 ) ;
#989 = LINE ( 'NONE', #1265, #561 ) ;
#990 = ORIENTED_EDGE ( 'NONE', *, *, #1511, .F. ) ;
#991 = CARTESIAN_POINT ( 'NONE',  ( 12.50000000000000000, 0.0000000000000000000, -5.250000000000000000 ) ) ;
#992 = ADVANCED_FACE ( 'NONE', ( #754 ), #1191, .F. ) ;
#993 = AXIS2_PLACEMENT_3D ( 'NONE', #998, #407, #47 ) ;
#994 = ORIENTED_EDGE ( 'NONE', *, *, #1433, .F. ) ;
#995 = VECTOR ( 'NONE', #304, 1000.000000000000100 ) ;
#996 = CARTESIAN_POINT ( 'NONE',  ( 12.50000000000000000, 17.99999999999999600, -4.250000000000000900 ) ) ;
#997 = CARTESIAN_POINT ( 'NONE',  ( 11.25000000000000000, -19.99999999999999600, 0.0000000000000000000 ) ) ;
#998 = CARTESIAN_POINT ( 'NONE',  ( -12.50000000000000000, 17.99999999999999300, 4.250000000000000000 ) ) ;
#999 = DIRECTION ( 'NONE',  ( 0.7071067811865463500, 0.7071067811865487900, 0.0000000000000000000 ) ) ;
#1000 = ADVANCED_FACE ( 'NONE', ( #1203 ), #1415, .T. ) ;
#1001 = DIRECTION ( 'NONE',  ( 0.0000000000000000000, -1.000000000000000000, 0.0000000000000000000 ) ) ;
#1002 = ORIENTED_EDGE ( 'NONE', *, *, #33, .T. ) ;
#1003 = DIRECTION ( 'NONE',  ( -1.000000000000000000, 0.0000000000000000000, -2.081668171172168500E-016 ) ) ;
#1004 = EDGE_CURVE ( 'NONE', #1465, #964, #1473, .T. ) ;
#1005 = LINE ( 'NONE', #40, #447 ) ;
#1006 = CARTESIAN_POINT ( 'NONE',  ( 5.750000000000003600, 1.000000000000000000, 5.250000000000000000 ) ) ;
#1007 = LINE ( 'NONE', #1236, #790 ) ;
#1008 = VERTEX_POINT ( 'NONE', #1056 ) ;
#1009 = DIRECTION ( 'NONE',  ( 0.0000000000000000000, -0.0000000000000000000, 1.000000000000000000 ) ) ;
#1010 = FACE_OUTER_BOUND ( 'NONE', #1396, .T. ) ;
#1011 = DIRECTION ( 'NONE',  ( 0.0000000000000000000, 0.0000000000000000000, -1.000000000000000000 ) ) ;
#1012 = VECTOR ( 'NONE', #405, 1000.000000000000000 ) ;
#1013 = CLOSED_SHELL ( 'NONE', ( #654, #1218, #1242, #883 ) ) ;
#1014 = EDGE_CURVE ( 'NONE', #1357, #800, #841, .T. ) ;
#1015 = DIRECTION ( 'NONE',  ( 0.0000000000000000000, 0.0000000000000000000, -1.000000000000000000 ) ) ;
#1016 = PLANE ( 'NONE',  #604 ) ;
#1017 = ORIENTED_EDGE ( 'NONE', *, *, #1331, .F. ) ;
#1018 = AXIS2_PLACEMENT_3D ( 'NONE', #1471, #596, #1442 ) ;
#1019 = ORIENTED_EDGE ( 'NONE', *, *, #670, .F. ) ;
#1020 = CARTESIAN_POINT ( 'NONE',  ( 5.750000000000003600, 1.000000000000000000, 4.549999999999998900 ) ) ;
#1021 = EDGE_CURVE ( 'NONE', #469, #582, #908, .T. ) ;
#1022 = VECTOR ( 'NONE', #101, 1000.000000000000000 ) ;
#1023 = LINE ( 'NONE', #49, #1273 ) ;
#1024 = ORIENTED_EDGE ( 'NONE', *, *, #569, .T. ) ;
#1025 = CARTESIAN_POINT ( 'NONE',  ( 5.750000000000003600, 1.000000000000000000, 5.250000000000000000 ) ) ;
#1026 = ORIENTED_EDGE ( 'NONE', *, *, #340, .F. ) ;
#1027 = DIRECTION ( 'NONE',  ( 0.0000000000000000000, 1.000000000000000000, 0.0000000000000000000 ) ) ;
#1028 = AXIS2_PLACEMENT_3D ( 'NONE', #1466, #787, #1011 ) ;
#1029 = EDGE_CURVE ( 'NONE', #1142, #1213, #803, .T. ) ;
#1030 = DIRECTION ( 'NONE',  ( 0.0000000000000000000, 1.000000000000000000, 0.0000000000000000000 ) ) ;
#1031 = ORIENTED_EDGE ( 'NONE', *, *, #1021, .F. ) ;
#1032 = ORIENTED_EDGE ( 'NONE', *, *, #751, .F. ) ;
#1033 = STYLED_ITEM ( 'NONE', ( #1323 ), #55 ) ;
#1034 = COLOUR_RGB ( '',0.2509803921568627400, 0.2509803921568627400, 0.2509803921568627400 ) ;
#1035 = AXIS2_PLACEMENT_3D ( 'NONE', #357, #4, #472 ) ;
#1036 = EDGE_CURVE ( 'NONE', #972, #647, #1430, .T. ) ;
#1037 = VECTOR ( 'NONE', #1427, 1000.000000000000000 ) ;
#1038 = ORIENTED_EDGE ( 'NONE', *, *, #1126, .F. ) ;
#1039 = LINE ( 'NONE', #213, #90 ) ;
#1040 = VERTEX_POINT ( 'NONE', #1285 ) ;
#1041 = CIRCLE ( 'NONE', #675, 0.4999999999999989500 ) ;
#1042 = DIRECTION ( 'NONE',  ( 0.0000000000000000000, -1.000000000000000000, 0.0000000000000000000 ) ) ;
#1043 = ORIENTED_EDGE ( 'NONE', *, *, #607, .F. ) ;
#1044 = DIRECTION ( 'NONE',  ( -1.000000000000000000, 0.0000000000000000000, 0.0000000000000000000 ) ) ;
#1045 = UNCERTAINTY_MEASURE_WITH_UNIT (LENGTH_MEASURE( 1.000000000000000100E-005 ), #1303, 'distance_accuracy_value', 'NONE');
#1046 = EDGE_CURVE ( 'NONE', #288, #1142, #827, .T. ) ;
#1047 = DIRECTION ( 'NONE',  ( -6.122553444624023000E-016, 0.0000000000000000000, -1.000000000000000000 ) ) ;
#1048 = ORIENTED_EDGE ( 'NONE', *, *, #1135, .F. ) ;
#1049 = ORIENTED_EDGE ( 'NONE', *, *, #399, .T. ) ;
#1050 = SURFACE_STYLE_FILL_AREA ( #32 ) ;
#1051 = EDGE_CURVE ( 'NONE', #288, #524, #1376, .T. ) ;
#1052 = DIRECTION ( 'NONE',  ( 6.122553444624023000E-016, -0.0000000000000000000, 1.000000000000000000 ) ) ;
#1053 = VECTOR ( 'NONE', #170, 1000.000000000000000 ) ;
#1054 = ORIENTED_EDGE ( 'NONE', *, *, #114, .T. ) ;
#1055 = VERTEX_POINT ( 'NONE', #119 ) ;
#1056 = CARTESIAN_POINT ( 'NONE',  ( -5.750000000000003600, 1.000000000000000000, 5.250000000000000000 ) ) ;
#1057 = AXIS2_PLACEMENT_3D ( 'NONE', #997, #1105, #1083 ) ;
#1058 = DIRECTION ( 'NONE',  ( 2.040851148208008200E-016, -0.0000000000000000000, -1.000000000000000000 ) ) ;
#1059 = DIRECTION ( 'NONE',  ( -0.0000000000000000000, 1.000000000000000000, -0.0000000000000000000 ) ) ;
#1060 = ORIENTED_EDGE ( 'NONE', *, *, #832, .F. ) ;
#1061 = CARTESIAN_POINT ( 'NONE',  ( -13.50000000000000000, 0.0000000000000000000, -4.249999999999997300 ) ) ;
#1062 = ORIENTED_EDGE ( 'NONE', *, *, #1029, .F. ) ;
#1063 = ORIENTED_EDGE ( 'NONE', *, *, #1165, .T. ) ;
#1064 = DIRECTION ( 'NONE',  ( 1.000000000000000000, -0.0000000000000000000, 2.081668171172168800E-016 ) ) ;
#1065 = LINE ( 'NONE', #151, #825 ) ;
#1066 = VECTOR ( 'NONE', #1297, 1000.000000000000000 ) ;
#1067 = ORIENTED_EDGE ( 'NONE', *, *, #208, .F. ) ;
#1068 = DIRECTION ( 'NONE',  ( -9.637352644315600200E-017, 1.000000000000000000, 0.0000000000000000000 ) ) ;
#1069 = VECTOR ( 'NONE', #1254, 1000.000000000000000 ) ;
#1070 = DIRECTION ( 'NONE',  ( 0.0000000000000000000, -0.0000000000000000000, -1.000000000000000000 ) ) ;
#1071 = PRODUCT_DEFINITION_CONTEXT ( 'detailed design', #977, 'design' ) ;
#1072 = ORIENTED_EDGE ( 'NONE', *, *, #1084, .T. ) ;
#1073 = EDGE_CURVE ( 'NONE', #647, #376, #772, .T. ) ;
#1074 = DIRECTION ( 'NONE',  ( 0.0000000000000000000, 0.7071067811865487900, 0.7071067811865463500 ) ) ;
#1075 = CYLINDRICAL_SURFACE ( 'NONE', #583, 1.000000000000000000 ) ;
#1076 = DIRECTION ( 'NONE',  ( 0.0000000000000000000, -1.000000000000000000, 0.0000000000000000000 ) ) ;
#1077 = ORIENTED_EDGE ( 'NONE', *, *, #1014, .T. ) ;
#1078 = ORIENTED_EDGE ( 'NONE', *, *, #63, .T. ) ;
#1079 =( NAMED_UNIT ( * ) SI_UNIT ( $, .STERADIAN. ) SOLID_ANGLE_UNIT ( ) );
#1080 = CARTESIAN_POINT ( 'NONE',  ( 13.50000000000000000, 0.0000000000000000000, 5.250000000000000000 ) ) ;
#1081 = DIRECTION ( 'NONE',  ( -9.637352644315600200E-017, 1.000000000000000000, 0.0000000000000000000 ) ) ;
#1082 = PRESENTATION_LAYER_ASSIGNMENT (  '', '', ( #60 ) ) ;
#1083 = DIRECTION ( 'NONE',  ( 0.0000000000000000000, 0.0000000000000000000, 1.000000000000000000 ) ) ;
#1084 = EDGE_CURVE ( 'NONE', #1318, #890, #256, .T. ) ;
#1085 = ORIENTED_EDGE ( 'NONE', *, *, #641, .F. ) ;
#1086 = CARTESIAN_POINT ( 'NONE',  ( 13.50000000000000000, 1.000000000000000000, 1.624999999999995300 ) ) ;
#1087 = DIRECTION ( 'NONE',  ( 6.122553444624023000E-016, -0.0000000000000000000, 1.000000000000000000 ) ) ;
#1088 = VECTOR ( 'NONE', #136, 1000.000000000000000 ) ;
#1089 = CARTESIAN_POINT ( 'NONE',  ( 12.49999999999999600, 0.0000000000000000000, -4.250000000000001800 ) ) ;
#1090 =( LENGTH_UNIT ( ) NAMED_UNIT ( * ) SI_UNIT ( .MILLI., .METRE. ) );
#1091 = CIRCLE ( 'NONE', #1028, 0.4999999999999989500 ) ;
#1092 = CARTESIAN_POINT ( 'NONE',  ( 13.50000000000000000, 0.0000000000000000000, -4.249999999999997300 ) ) ;
#1093 = AXIS2_PLACEMENT_3D ( 'NONE', #267, #1068, #1435 ) ;
#1094 = LINE ( 'NONE', #317, #1360 ) ;
#1095 = DIRECTION ( 'NONE',  ( 9.637352644315600200E-017, -1.000000000000000000, -0.0000000000000000000 ) ) ;
#1096 = ADVANCED_FACE ( 'NONE', ( #608 ), #261, .T. ) ;
#1097 =( LENGTH_UNIT ( ) NAMED_UNIT ( * ) SI_UNIT ( .MILLI., .METRE. ) );
#1098 = CIRCLE ( 'NONE', #1280, 0.2999999999999981600 ) ;
#1099 = DIRECTION ( 'NONE',  ( 0.0000000000000000000, -1.000000000000000000, 0.0000000000000000000 ) ) ;
#1100 = EDGE_CURVE ( 'NONE', #1474, #959, #557, .T. ) ;
#1101 = ORIENTED_EDGE ( 'NONE', *, *, #664, .T. ) ;
#1102 = EDGE_LOOP ( 'NONE', ( #1255, #912, #1389, #25 ) ) ;
#1103 = CARTESIAN_POINT ( 'NONE',  ( -6.750000000000000000, 7.285838599102632900E-017, 4.549999999999996300 ) ) ;
#1104 = PLANE ( 'NONE',  #1420 ) ;
#1105 = DIRECTION ( 'NONE',  ( 0.0000000000000000000, 1.000000000000000000, 0.0000000000000000000 ) ) ;
#1106 = ADVANCED_FACE ( 'NONE', ( #1340 ), #1171, .F. ) ;
#1107 = CARTESIAN_POINT ( 'NONE',  ( 12.49999999999999800, 1.200000000000000000, 4.549999999999999800 ) ) ;
#1108 = ORIENTED_EDGE ( 'NONE', *, *, #84, .T. ) ;
#1109 = DIRECTION ( 'NONE',  ( 0.0000000000000000000, 0.0000000000000000000, -1.000000000000000000 ) ) ;
#1110 = EDGE_LOOP ( 'NONE', ( #1372, #527, #1240, #1507 ) ) ;
#1111 =( NAMED_UNIT ( * ) SI_UNIT ( $, .STERADIAN. ) SOLID_ANGLE_UNIT ( ) );
#1112 = EDGE_CURVE ( 'NONE', #565, #1361, #1184, .T. ) ;
#1113 = DIRECTION ( 'NONE',  ( 0.0000000000000000000, 0.0000000000000000000, 1.000000000000000000 ) ) ;
#1114 = DIRECTION ( 'NONE',  ( -0.0000000000000000000, -0.0000000000000000000, -1.000000000000000000 ) ) ;
#1115 = ADVANCED_FACE ( 'NONE', ( #24 ), #1320, .F. ) ;
#1116 = FACE_OUTER_BOUND ( 'NONE', #505, .T. ) ;
#1117 = ORIENTED_EDGE ( 'NONE', *, *, #1270, .F. ) ;
#1118 = LINE ( 'NONE', #902, #210 ) ;
#1119 = DIRECTION ( 'NONE',  ( 0.0000000000000000000, -0.0000000000000000000, -1.000000000000000000 ) ) ;
#1120 = DIRECTION ( 'NONE',  ( -0.0000000000000000000, 1.000000000000000000, -0.0000000000000000000 ) ) ;
#1121 = CIRCLE ( 'NONE', #1149, 0.2999999999999981600 ) ;
#1122 = CARTESIAN_POINT ( 'NONE',  ( 13.50000000000000000, 0.0000000000000000000, 5.250000000000000000 ) ) ;
#1123 = AXIS2_PLACEMENT_3D ( 'NONE', #1178, #1403, #723 ) ;
#1124 = FACE_OUTER_BOUND ( 'NONE', #95, .T. ) ;
#1125 = ORIENTED_EDGE ( 'NONE', *, *, #773, .T. ) ;
#1126 = EDGE_CURVE ( 'NONE', #524, #562, #1455, .T. ) ;
#1127 = DIRECTION ( 'NONE',  ( 0.0000000000000000000, 1.000000000000000000, 0.0000000000000000000 ) ) ;
#1128 = ORIENTED_EDGE ( 'NONE', *, *, #1493, .F. ) ;
#1129 = ADVANCED_FACE ( 'NONE', ( #48 ), #1304, .F. ) ;
#1130 = CARTESIAN_POINT ( 'NONE',  ( -13.50000000000000000, 0.0000000000000000000, 5.250000000000000000 ) ) ;
#1131 = ORIENTED_EDGE ( 'NONE', *, *, #46, .F. ) ;
#1132 = PRESENTATION_LAYER_ASSIGNMENT (  '', '', ( #410 ) ) ;
#1133 = ORIENTED_EDGE ( 'NONE', *, *, #1036, .F. ) ;
#1134 = CARTESIAN_POINT ( 'NONE',  ( -13.50000000000000000, 0.0000000000000000000, -5.250000000000000000 ) ) ;
#1135 = EDGE_CURVE ( 'NONE', #823, #337, #1152, .T. ) ;
#1136 = ORIENTED_EDGE ( 'NONE', *, *, #133, .F. ) ;
#1137 = CYLINDRICAL_SURFACE ( 'NONE', #335, 1.000000000000000000 ) ;
#1138 = DIRECTION ( 'NONE',  ( -0.7071067811865462400, -0.7071067811865489100, 4.906538933386789200E-017 ) ) ;
#1139 = LINE ( 'NONE', #674, #540 ) ;
#1140 = CARTESIAN_POINT ( 'NONE',  ( -12.50000000000000000, 0.0000000000000000000, -4.549999999999997200 ) ) ;
#1141 = FACE_OUTER_BOUND ( 'NONE', #116, .T. ) ;
#1142 = VERTEX_POINT ( 'NONE', #35 ) ;
#1143 = ADVANCED_FACE ( 'NONE', ( #1116 ), #500, .F. ) ;
#1144 = CARTESIAN_POINT ( 'NONE',  ( 12.49999999999999600, 1.200000000000000000, -4.250000000000001800 ) ) ;
#1145 = EDGE_CURVE ( 'NONE', #351, #845, #572, .T. ) ;
#1146 = EDGE_LOOP ( 'NONE', ( #1326, #901, #1131 ) ) ;
#1147 = PLANE ( 'NONE',  #764 ) ;
#1148 = ORIENTED_EDGE ( 'NONE', *, *, #533, .F. ) ;
#1149 = AXIS2_PLACEMENT_3D ( 'NONE', #432, #117, #1388 ) ;
#1150 = PLANE ( 'NONE',  #82 ) ;
#1151 = FACE_OUTER_BOUND ( 'NONE', #1470, .T. ) ;
#1152 = LINE ( 'NONE', #1080, #1201 ) ;
#1153 = LINE ( 'NONE', #456, #310 ) ;
#1154 = DIRECTION ( 'NONE',  ( 0.0000000000000000000, 0.0000000000000000000, 1.000000000000000000 ) ) ;
#1155 = VECTOR ( 'NONE', #1162, 1000.000000000000000 ) ;
#1156 = VERTEX_POINT ( 'NONE', #486 ) ;
#1157 = VERTEX_POINT ( 'NONE', #159 ) ;
#1158 = CARTESIAN_POINT ( 'NONE',  ( 13.50000000000000200, 17.99999999999999300, -4.249999999999997300 ) ) ;
#1159 = EDGE_CURVE ( 'NONE', #146, #79, #518, .T. ) ;
#1160 = PLANE ( 'NONE',  #474 ) ;
#1161 = VERTEX_POINT ( 'NONE', #507 ) ;
#1162 = DIRECTION ( 'NONE',  ( -0.0000000000000000000, -0.0000000000000000000, -1.000000000000000000 ) ) ;
#1163 = AXIS2_PLACEMENT_3D ( 'NONE', #367, #482, #1286 ) ;
#1164 = AXIS2_PLACEMENT_3D ( 'NONE', #167, #623, #752 ) ;
#1165 = EDGE_CURVE ( 'NONE', #1361, #618, #290, .T. ) ;
#1166 = DIRECTION ( 'NONE',  ( 0.7071067811865462400, 0.7071067811865489100, -0.0000000000000000000 ) ) ;
#1167 = VECTOR ( 'NONE', #603, 1000.000000000000000 ) ;
#1168 = CIRCLE ( 'NONE', #822, 1.000000000000000000 ) ;
#1169 = CARTESIAN_POINT ( 'NONE',  ( 12.50000000000000000, 18.99999999999999600, 5.250000000000000000 ) ) ;
#1170 = FACE_OUTER_BOUND ( 'NONE', #1181, .T. ) ;
#1171 = PLANE ( 'NONE',  #1123 ) ;
#1172 = ORIENTED_EDGE ( 'NONE', *, *, #1256, .F. ) ;
#1173 = AXIS2_PLACEMENT_3D ( 'NONE', #475, #1076, #1423 ) ;
#1174 = DIRECTION ( 'NONE',  ( 0.0000000000000000000, -0.0000000000000000000, 1.000000000000000000 ) ) ;
#1175 = ORIENTED_EDGE ( 'NONE', *, *, #462, .F. ) ;
#1176 = AXIS2_PLACEMENT_3D ( 'NONE', #1144, #532, #1015 ) ;
#1177 = DIRECTION ( 'NONE',  ( -0.0000000000000000000, -0.0000000000000000000, -1.000000000000000000 ) ) ;
#1178 = CARTESIAN_POINT ( 'NONE',  ( -13.50000000000000000, 0.0000000000000000000, 5.250000000000000000 ) ) ;
#1179 = EDGE_CURVE ( 'NONE', #403, #1363, #1005, .T. ) ;
#1180 = VERTEX_POINT ( 'NONE', #1086 ) ;
#1181 = EDGE_LOOP ( 'NONE', ( #1322, #66 ) ) ;
#1182 = LINE ( 'NONE', #145, #1088 ) ;
#1183 = CARTESIAN_POINT ( 'NONE',  ( -13.50000000000000400, 1.000000000000000000, 1.624999999999995300 ) ) ;
#1184 = LINE ( 'NONE', #135, #103 ) ;
#1185 = ORIENTED_EDGE ( 'NONE', *, *, #953, .T. ) ;
#1186 = EDGE_CURVE ( 'NONE', #845, #376, #225, .T. ) ;
#1187 = LINE ( 'NONE', #161, #869 ) ;
#1188 = ORIENTED_EDGE ( 'NONE', *, *, #1046, .T. ) ;
#1189 = VERTEX_POINT ( 'NONE', #853 ) ;
#1190 = ORIENTED_EDGE ( 'NONE', *, *, #1250, .T. ) ;
#1191 = PLANE ( 'NONE',  #1505 ) ;
#1192 = AXIS2_PLACEMENT_3D ( 'NONE', #26, #489, #612 ) ;
#1193 = DIRECTION ( 'NONE',  ( 0.0000000000000000000, 0.0000000000000000000, 1.000000000000000000 ) ) ;
#1194 = AXIS2_PLACEMENT_3D ( 'NONE', #1441, #378, #147 ) ;
#1195 = EDGE_CURVE ( 'NONE', #1189, #1055, #271, .T. ) ;
#1196 = DIRECTION ( 'NONE',  ( 9.637352644315600200E-017, -1.000000000000000000, -0.0000000000000000000 ) ) ;
#1197 = CARTESIAN_POINT ( 'NONE',  ( 5.750000000000003600, 1.000000000000000000, 5.250000000000000000 ) ) ;
#1198 = ORIENTED_EDGE ( 'NONE', *, *, #347, .T. ) ;
#1199 = ORIENTED_EDGE ( 'NONE', *, *, #444, .T. ) ;
#1200 = DIRECTION ( 'NONE',  ( 0.0000000000000000000, -0.7071067811865463500, 0.7071067811865487900 ) ) ;
#1201 = VECTOR ( 'NONE', #979, 1000.000000000000000 ) ;
#1202 = AXIS2_PLACEMENT_3D ( 'NONE', #640, #504, #1438 ) ;
#1203 = FACE_OUTER_BOUND ( 'NONE', #220, .T. ) ;
#1204 =( NAMED_UNIT ( * ) SI_UNIT ( $, .STERADIAN. ) SOLID_ANGLE_UNIT ( ) );
#1205 = LINE ( 'NONE', #1232, #293 ) ;
#1206 = EDGE_CURVE ( 'NONE', #890, #327, #1413, .T. ) ;
#1207 = DIRECTION ( 'NONE',  ( 0.0000000000000000000, 0.7071067811865506800, 0.7071067811865443500 ) ) ;
#1208 = CARTESIAN_POINT ( 'NONE',  ( -12.79999999999999700, 1.200000000000000000, -4.250000000000000000 ) ) ;
#1209 = VECTOR ( 'NONE', #131, 1000.000000000000000 ) ;
#1210 = DIRECTION ( 'NONE',  ( 6.122553444624023000E-016, -0.0000000000000000000, 1.000000000000000000 ) ) ;
#1211 = PRODUCT_CONTEXT ( 'NONE', #265, 'mechanical' ) ;
#1212 = CARTESIAN_POINT ( 'NONE',  ( 13.50000000000000000, 3.937499999999992900, 1.312499999999972500 ) ) ;
#1213 = VERTEX_POINT ( 'NONE', #835 ) ;
#1214 = DIRECTION ( 'NONE',  ( 0.0000000000000000000, -1.000000000000000000, 0.0000000000000000000 ) ) ;
#1215 = EDGE_CURVE ( 'NONE', #1161, #1156, #416, .T. ) ;
#1216 = FILL_AREA_STYLE_COLOUR ( '', #1429 ) ;
#1217 = VERTEX_POINT ( 'NONE', #1092 ) ;
#1218 = ADVANCED_FACE ( 'NONE', ( #538 ), #625, .F. ) ;
#1219 = SURFACE_STYLE_FILL_AREA ( #481 ) ;
#1220 = DIRECTION ( 'NONE',  ( -1.000000000000000000, 0.0000000000000000000, 0.0000000000000000000 ) ) ;
#1221 = CARTESIAN_POINT ( 'NONE',  ( -5.750000000000003600, 1.000000000000000000, -5.250000000000000000 ) ) ;
#1222 = VECTOR ( 'NONE', #812, 1000.000000000000000 ) ;
#1223 = CARTESIAN_POINT ( 'NONE',  ( -13.50000000000000000, 0.0000000000000000000, 5.250000000000000000 ) ) ;
#1224 = AXIS2_PLACEMENT_3D ( 'NONE', #946, #115, #255 ) ;
#1225 = CARTESIAN_POINT ( 'NONE',  ( 12.79999999999999700, 1.200000000000000000, -4.250000000000001800 ) ) ;
#1226 = LINE ( 'NONE', #1134, #718 ) ;
#1227 = ORIENTED_EDGE ( 'NONE', *, *, #382, .F. ) ;
#1228 =( LENGTH_UNIT ( ) NAMED_UNIT ( * ) SI_UNIT ( .MILLI., .METRE. ) );
#1229 = LINE ( 'NONE', #1225, #1012 ) ;
#1230 = UNCERTAINTY_MEASURE_WITH_UNIT (LENGTH_MEASURE( 1.000000000000000100E-005 ), #1090, 'distance_accuracy_value', 'NONE');
#1231 = DIRECTION ( 'NONE',  ( 1.000000000000000000, 0.0000000000000000000, 0.0000000000000000000 ) ) ;
#1232 = CARTESIAN_POINT ( 'NONE',  ( -13.50000000000000400, 0.0000000000000000000, 2.624999999999998700 ) ) ;
#1233 = DIRECTION ( 'NONE',  ( 0.0000000000000000000, -1.000000000000000000, 0.0000000000000000000 ) ) ;
#1234 = EDGE_CURVE ( 'NONE', #582, #291, #339, .T. ) ;
#1235 = VERTEX_POINT ( 'NONE', #766 ) ;
#1236 = CARTESIAN_POINT ( 'NONE',  ( 6.750000000000007100, 0.0000000000000000000, 5.250000000000000000 ) ) ;
#1237 = FACE_OUTER_BOUND ( 'NONE', #260, .T. ) ;
#1238 = CARTESIAN_POINT ( 'NONE',  ( -12.79999999999999900, 1.000000000000000000, 5.249999999999998200 ) ) ;
#1239 =( NAMED_UNIT ( * ) SI_UNIT ( $, .STERADIAN. ) SOLID_ANGLE_UNIT ( ) );
#1240 = ORIENTED_EDGE ( 'NONE', *, *, #852, .F. ) ;
#1241 = VECTOR ( 'NONE', #1231, 1000.000000000000000 ) ;
#1242 = ADVANCED_FACE ( 'NONE', ( #75 ), #839, .T. ) ;
#1243 = CARTESIAN_POINT ( 'NONE',  ( -12.50000000000000000, 17.99999999999999300, -4.249999999999997300 ) ) ;
#1244 = EDGE_CURVE ( 'NONE', #823, #595, #1503, .T. ) ;
#1245 = DIRECTION ( 'NONE',  ( -0.0000000000000000000, -1.000000000000000000, -0.0000000000000000000 ) ) ;
#1246 = ORIENTED_EDGE ( 'NONE', *, *, #279, .T. ) ;
#1247 = CARTESIAN_POINT ( 'NONE',  ( -13.49999999999999800, 17.99999999999999300, 5.250000000000000000 ) ) ;
#1248 = ORIENTED_EDGE ( 'NONE', *, *, #1356, .F. ) ;
#1249 = EDGE_LOOP ( 'NONE', ( #968, #1332, #370, #918 ) ) ;
#1250 = EDGE_CURVE ( 'NONE', #1276, #327, #369, .T. ) ;
#1251 = VECTOR ( 'NONE', #686, 1000.000000000000000 ) ;
#1252 = DIRECTION ( 'NONE',  ( 0.0000000000000000000, 0.0000000000000000000, 1.000000000000000000 ) ) ;
#1253 = VERTEX_POINT ( 'NONE', #1221 ) ;
#1254 = DIRECTION ( 'NONE',  ( -4.329299058870709700E-016, 0.7071067811865463500, -0.7071067811865487900 ) ) ;
#1255 = ORIENTED_EDGE ( 'NONE', *, *, #917, .F. ) ;
#1256 = EDGE_CURVE ( 'NONE', #15, #1357, #886, .T. ) ;
#1257 = CARTESIAN_POINT ( 'NONE',  ( 12.80000000000000400, 8.051157779680594200E-015, 2.624999999999990700 ) ) ;
#1258 = CARTESIAN_POINT ( 'NONE',  ( 13.50000000000000000, -1.312500000000000700, 3.937500000000004400 ) ) ;
#1259 = ORIENTED_EDGE ( 'NONE', *, *, #899, .T. ) ;
#1260 = AXIS2_PLACEMENT_3D ( 'NONE', #1338, #643, #651 ) ;
#1261 = EDGE_CURVE ( 'NONE', #589, #1217, #731, .T. ) ;
#1262 = CARTESIAN_POINT ( 'NONE',  ( -13.50000000000000000, 0.0000000000000000000, 5.250000000000000000 ) ) ;
#1263 = DIRECTION ( 'NONE',  ( -0.7071067811865462400, -0.7071067811865489100, 0.0000000000000000000 ) ) ;
#1264 = CIRCLE ( 'NONE', #708, 1.000000000000000000 ) ;
#1265 = CARTESIAN_POINT ( 'NONE',  ( 12.80000000000000400, 1.200000000000000000, 4.250000000000000000 ) ) ;
#1266 = ORIENTED_EDGE ( 'NONE', *, *, #1145, .F. ) ;
#1267 = CARTESIAN_POINT ( 'NONE',  ( 12.49999999999999800, 0.0000000000000000000, 4.250000000000000000 ) ) ;
#1268 = EDGE_CURVE ( 'NONE', #582, #785, #1271, .T. ) ;
#1269 = ORIENTED_EDGE ( 'NONE', *, *, #1195, .T. ) ;
#1270 = EDGE_CURVE ( 'NONE', #1361, #15, #11, .T. ) ;
#1271 = LINE ( 'NONE', #1107, #958 ) ;
#1272 = EDGE_LOOP ( 'NONE', ( #681, #780, #458, #18, #198, #653, #1125, #732 ) ) ;
#1273 = VECTOR ( 'NONE', #1095, 1000.000000000000000 ) ;
#1274 = ORIENTED_EDGE ( 'NONE', *, *, #773, .F. ) ;
#1275 = VECTOR ( 'NONE', #1047, 1000.000000000000000 ) ;
#1276 = VERTEX_POINT ( 'NONE', #1327 ) ;
#1277 = CARTESIAN_POINT ( 'NONE',  ( 12.80000000000000400, 0.0000000000000000000, 4.250000000000000000 ) ) ;
#1278 = ORIENTED_EDGE ( 'NONE', *, *, #899, .F. ) ;
#1279 = CYLINDRICAL_SURFACE ( 'NONE', #696, 1.000000000000000900 ) ;
#1280 = AXIS2_PLACEMENT_3D ( 'NONE', #967, #724, #272 ) ;
#1281 = AXIS2_PLACEMENT_3D ( 'NONE', #930, #715, #933 ) ;
#1282 = CARTESIAN_POINT ( 'NONE',  ( -12.79999999999999900, 0.0000000000000000000, 4.250000000000000000 ) ) ;
#1283 = VERTEX_POINT ( 'NONE', #496 ) ;
#1284 = ORIENTED_EDGE ( 'NONE', *, *, #1433, .T. ) ;
#1285 = CARTESIAN_POINT ( 'NONE',  ( 13.50000000000000200, 17.99999999999999300, 4.250000000000000000 ) ) ;
#1286 = DIRECTION ( 'NONE',  ( -1.000000000000000000, 0.0000000000000000000, 0.0000000000000000000 ) ) ;
#1287 = CARTESIAN_POINT ( 'NONE',  ( -12.49999999999999800, 17.99999999999999300, -4.250000000000000900 ) ) ;
#1288 = ORIENTED_EDGE ( 'NONE', *, *, #425, .F. ) ;
#1289 = VECTOR ( 'NONE', #858, 1000.000000000000000 ) ;
#1290 = EDGE_CURVE ( 'NONE', #1474, #86, #308, .T. ) ;
#1291 = LINE ( 'NONE', #221, #448 ) ;
#1292 = DIRECTION ( 'NONE',  ( 0.0000000000000000000, 1.000000000000000000, 0.0000000000000000000 ) ) ;
#1293 = VECTOR ( 'NONE', #1087, 1000.000000000000000 ) ;
#1294 = ORIENTED_EDGE ( 'NONE', *, *, #1290, .T. ) ;
#1295 = VECTOR ( 'NONE', #881, 1000.000000000000000 ) ;
#1296 = ORIENTED_EDGE ( 'NONE', *, *, #319, .F. ) ;
#1297 = DIRECTION ( 'NONE',  ( 1.000000000000000000, -0.0000000000000000000, -0.0000000000000000000 ) ) ;
#1298 = AXIS2_PLACEMENT_3D ( 'NONE', #87, #1476, #671 ) ;
#1299 = AXIS2_PLACEMENT_3D ( 'NONE', #412, #1233, #522 ) ;
#1300 = DIRECTION ( 'NONE',  ( -0.0000000000000000000, -1.000000000000000000, -0.0000000000000000000 ) ) ;
#1301 = CARTESIAN_POINT ( 'NONE',  ( 5.750000000000004400, 1.000000000000000000, -4.550000000000000700 ) ) ;
#1302 = EDGE_CURVE ( 'NONE', #1357, #964, #676, .T. ) ;
#1303 =( LENGTH_UNIT ( ) NAMED_UNIT ( * ) SI_UNIT ( .MILLI., .METRE. ) );
#1304 = PLANE ( 'NONE',  #1313 ) ;
#1305 = CARTESIAN_POINT ( 'NONE',  ( -12.50000000000000400, 1.200000000000000000, 4.549999999999995400 ) ) ;
#1306 = ORIENTED_EDGE ( 'NONE', *, *, #1029, .T. ) ;
#1307 = DIRECTION ( 'NONE',  ( 0.0000000000000000000, 0.0000000000000000000, -1.000000000000000000 ) ) ;
#1308 = DIRECTION ( 'NONE',  ( 1.000000000000000000, 0.0000000000000000000, -0.0000000000000000000 ) ) ;
#1309 = VERTEX_POINT ( 'NONE', #1301 ) ;
#1310 = PLANE ( 'NONE',  #1164 ) ;
#1311 = DIRECTION ( 'NONE',  ( 1.000000000000000000, 0.0000000000000000000, 0.0000000000000000000 ) ) ;
#1312 = CARTESIAN_POINT ( 'NONE',  ( 12.49999999999999800, 17.99999999999999300, 5.250000000000000000 ) ) ;
#1313 = AXIS2_PLACEMENT_3D ( 'NONE', #137, #746, #1207 ) ;
#1314 = VECTOR ( 'NONE', #421, 1000.000000000000000 ) ;
#1315 = EDGE_LOOP ( 'NONE', ( #1459, #1383 ) ) ;
#1316 = ADVANCED_FACE ( 'NONE', ( #326 ), #380, .F. ) ;
#1317 = CIRCLE ( 'NONE', #875, 0.4999999999999989500 ) ;
#1318 = VERTEX_POINT ( 'NONE', #187 ) ;
#1319 = EDGE_CURVE ( 'NONE', #91, #1253, #941, .T. ) ;
#1320 = PLANE ( 'NONE',  #1371 ) ;
#1321 = EDGE_LOOP ( 'NONE', ( #829, #1067, #1248, #331, #442, #438, #982, #1426 ) ) ;
#1322 = ORIENTED_EDGE ( 'NONE', *, *, #1404, .F. ) ;
#1323 = PRESENTATION_STYLE_ASSIGNMENT (( #757 ) ) ;
#1324 = DIRECTION ( 'NONE',  ( -0.0000000000000000000, -0.0000000000000000000, -1.000000000000000000 ) ) ;
#1325 = DIRECTION ( 'NONE',  ( 0.0000000000000000000, -0.0000000000000000000, 1.000000000000000000 ) ) ;
#1326 = ORIENTED_EDGE ( 'NONE', *, *, #641, .T. ) ;
#1327 = CARTESIAN_POINT ( 'NONE',  ( -12.79999999999999900, 1.000000000000000000, 1.624999999999995300 ) ) ;
#1328 = CARTESIAN_POINT ( 'NONE',  ( 13.50000000000000000, 4.336808689942017700E-016, -2.624999999999984500 ) ) ;
#1329 = ADVANCED_FACE ( 'NONE', ( #1237 ), #622, .F. ) ;
#1330 = PRESENTATION_LAYER_ASSIGNMENT (  '', '', ( #1365 ) ) ;
#1331 = EDGE_CURVE ( 'NONE', #1217, #947, #633, .T. ) ;
#1332 = ORIENTED_EDGE ( 'NONE', *, *, #1004, .F. ) ;
#1333 = DIRECTION ( 'NONE',  ( 0.0000000000000000000, 0.0000000000000000000, 1.000000000000000000 ) ) ;
#1334 = ORIENTED_EDGE ( 'NONE', *, *, #1195, .F. ) ;
#1335 = CARTESIAN_POINT ( 'NONE',  ( -12.79999999999999900, 0.0000000000000000000, 2.624999999999998700 ) ) ;
#1336 = DIRECTION ( 'NONE',  ( 9.637352644315600200E-017, 1.000000000000000000, -0.0000000000000000000 ) ) ;
#1337 = PRESENTATION_STYLE_ASSIGNMENT (( #398 ) ) ;
#1338 = CARTESIAN_POINT ( 'NONE',  ( -11.25000000000000000, 1.200000000000000000, 0.0000000000000000000 ) ) ;
#1339 = PRESENTATION_LAYER_ASSIGNMENT (  '', '', ( #1033 ) ) ;
#1340 = FACE_OUTER_BOUND ( 'NONE', #443, .T. ) ;
#1341 = DIRECTION ( 'NONE',  ( -0.0000000000000000000, -0.0000000000000000000, -1.000000000000000000 ) ) ;
#1342 = AXIS2_PLACEMENT_3D ( 'NONE', #986, #181, #1333 ) ;
#1343 = LINE ( 'NONE', #1223, #495 ) ;
#1344 = EDGE_CURVE ( 'NONE', #566, #36, #433, .T. ) ;
#1345 = FACE_OUTER_BOUND ( 'NONE', #1110, .T. ) ;
#1346 = PLANE ( 'NONE',  #1491 ) ;
#1347 = FACE_OUTER_BOUND ( 'NONE', #263, .T. ) ;
#1348 = EDGE_LOOP ( 'NONE', ( #426, #706, #1509, #884, #323, #690, #1385, #241 ) ) ;
#1349 = DIRECTION ( 'NONE',  ( 1.000000000000000000, 0.0000000000000000000, -6.938893903907228400E-017 ) ) ;
#1350 = ADVANCED_FACE ( 'NONE', ( #1151 ), #1137, .T. ) ;
#1351 = DIRECTION ( 'NONE',  ( 0.0000000000000000000, -0.0000000000000000000, 1.000000000000000000 ) ) ;
#1352 = ADVANCED_FACE ( 'NONE', ( #813 ), #388, .F. ) ;
#1353 = MECHANICAL_DESIGN_GEOMETRIC_PRESENTATION_REPRESENTATION (  '', ( #410 ), #973 ) ;
#1354 = DIRECTION ( 'NONE',  ( 0.0000000000000000000, 1.000000000000000000, 0.0000000000000000000 ) ) ;
#1355 = CARTESIAN_POINT ( 'NONE',  ( -13.50000000000000000, 1.000000000000000900, -1.624999999999996200 ) ) ;
#1356 = EDGE_CURVE ( 'NONE', #9, #469, #160, .T. ) ;
#1357 = VERTEX_POINT ( 'NONE', #62 ) ;
#1358 = ORIENTED_EDGE ( 'NONE', *, *, #1493, .T. ) ;
#1359 = DIRECTION ( 'NONE',  ( 0.0000000000000000000, -1.000000000000000000, 0.0000000000000000000 ) ) ;
#1360 = VECTOR ( 'NONE', #1138, 999.9999999999998900 ) ;
#1361 = VERTEX_POINT ( 'NONE', #857 ) ;
#1362 = CIRCLE ( 'NONE', #1482, 1.000000000000000000 ) ;
#1363 = VERTEX_POINT ( 'NONE', #174 ) ;
#1364 = DIRECTION ( 'NONE',  ( 0.0000000000000000000, 0.0000000000000000000, 1.000000000000000000 ) ) ;
#1365 = STYLED_ITEM ( 'NONE', ( #788 ), #1405 ) ;
#1366 = LINE ( 'NONE', #1, #450 ) ;
#1367 = EDGE_CURVE ( 'NONE', #959, #1474, #493, .T. ) ;
#1368 = DIRECTION ( 'NONE',  ( 0.0000000000000000000, 1.000000000000000000, 0.0000000000000000000 ) ) ;
#1369 = ORIENTED_EDGE ( 'NONE', *, *, #1302, .F. ) ;
#1370 =( GEOMETRIC_REPRESENTATION_CONTEXT ( 3 ) GLOBAL_UNCERTAINTY_ASSIGNED_CONTEXT ( ( #638 ) ) GLOBAL_UNIT_ASSIGNED_CONTEXT ( ( #1097, #484, #1204 ) ) REPRESENTATION_CONTEXT ( 'NONE', 'WORKASPACE' ) );
#1371 = AXIS2_PLACEMENT_3D ( 'NONE', #960, #375, #619 ) ;
#1372 = ORIENTED_EDGE ( 'NONE', *, *, #299, .T. ) ;
#1373 = DIRECTION ( 'NONE',  ( 0.0000000000000000000, 0.0000000000000000000, -1.000000000000000000 ) ) ;
#1374 = FACE_OUTER_BOUND ( 'NONE', #777, .T. ) ;
#1375 = DIRECTION ( 'NONE',  ( 1.000000000000000000, 0.0000000000000000000, 0.0000000000000000000 ) ) ;
#1376 = LINE ( 'NONE', #590, #692 ) ;
#1377 = MANIFOLD_SOLID_BREP ( 'Pin[2]', #665 ) ;
#1378 = FACE_OUTER_BOUND ( 'NONE', #1449, .T. ) ;
#1379 = DIRECTION ( 'NONE',  ( 1.000000000000000000, 0.0000000000000000000, 0.0000000000000000000 ) ) ;
#1380 = CIRCLE ( 'NONE', #408, 1.000000000000000000 ) ;
#1381 = LINE ( 'NONE', #76, #1494 ) ;
#1382 = CARTESIAN_POINT ( 'NONE',  ( -12.50000000000000000, 17.99999999999999600, -4.250000000000000900 ) ) ;
#1383 = ORIENTED_EDGE ( 'NONE', *, *, #1367, .F. ) ;
#1384 = EDGE_CURVE ( 'NONE', #873, #81, #445, .T. ) ;
#1385 = ORIENTED_EDGE ( 'NONE', *, *, #923, .T. ) ;
#1386 = CARTESIAN_POINT ( 'NONE',  ( -6.750000000000000000, 0.0000000000000000000, 5.250000000000000000 ) ) ;
#1387 = DIRECTION ( 'NONE',  ( -1.443099686290227600E-016, 0.7071067811865506800, 0.7071067811865443500 ) ) ;
#1388 = DIRECTION ( 'NONE',  ( 0.0000000000000000000, 0.0000000000000000000, -1.000000000000000000 ) ) ;
#1389 = ORIENTED_EDGE ( 'NONE', *, *, #1145, .T. ) ;
#1390 = EDGE_CURVE ( 'NONE', #895, #81, #906, .T. ) ;
#1391 = CARTESIAN_POINT ( 'NONE',  ( -12.50000000000000000, 18.99999999999999300, -4.249999999999997300 ) ) ;
#1392 = DIRECTION ( 'NONE',  ( 9.637352644315600200E-017, 1.000000000000000000, 0.0000000000000000000 ) ) ;
#1393 = CIRCLE ( 'NONE', #123, 0.2999999999999964400 ) ;
#1394 = DIRECTION ( 'NONE',  ( -1.000000000000000000, 0.0000000000000000000, 6.938893903907228400E-017 ) ) ;
#1395 = LINE ( 'NONE', #415, #1506 ) ;
#1396 = EDGE_LOOP ( 'NONE', ( #666, #1017, #1480, #249 ) ) ;
#1397 = AXIS2_PLACEMENT_3D ( 'NONE', #488, #836, #20 ) ;
#1398 = LINE ( 'NONE', #1169, #1155 ) ;
#1399 = ORIENTED_EDGE ( 'NONE', *, *, #546, .F. ) ;
#1400 = ORIENTED_EDGE ( 'NONE', *, *, #809, .F. ) ;
#1401 = ORIENTED_EDGE ( 'NONE', *, *, #268, .T. ) ;
#1402 = ORIENTED_EDGE ( 'NONE', *, *, #219, .F. ) ;
#1403 = DIRECTION ( 'NONE',  ( 0.0000000000000000000, 1.000000000000000000, 0.0000000000000000000 ) ) ;
#1404 = EDGE_CURVE ( 'NONE', #86, #926, #1091, .T. ) ;
#1405 = MANIFOLD_SOLID_BREP ( 'Housing', #1431 ) ;
#1406 = ORIENTED_EDGE ( 'NONE', *, *, #1206, .T. ) ;
#1407 = CARTESIAN_POINT ( 'NONE',  ( -13.50000000000000400, 7.703719777548943400E-031, -2.624999999999986700 ) ) ;
#1408 = ORIENTED_EDGE ( 'NONE', *, *, #1319, .F. ) ;
#1409 = ORIENTED_EDGE ( 'NONE', *, *, #1411, .F. ) ;
#1410 = VERTEX_POINT ( 'NONE', #530 ) ;
#1411 = EDGE_CURVE ( 'NONE', #618, #157, #730, .T. ) ;
#1412 = VECTOR ( 'NONE', #1196, 1000.000000000000000 ) ;
#1413 = LINE ( 'NONE', #283, #1167 ) ;
#1414 = DIRECTION ( 'NONE',  ( -0.0000000000000000000, 1.000000000000000000, 0.0000000000000000000 ) ) ;
#1415 = CYLINDRICAL_SURFACE ( 'NONE', #877, 0.4999999999999989500 ) ;
#1416 = DIRECTION ( 'NONE',  ( 1.000000000000000000, -0.0000000000000000000, -0.0000000000000000000 ) ) ;
#1417 = DIRECTION ( 'NONE',  ( 0.0000000000000000000, 0.0000000000000000000, -1.000000000000000000 ) ) ;
#1418 = ORIENTED_EDGE ( 'NONE', *, *, #1445, .T. ) ;
#1419 = VECTOR ( 'NONE', #1336, 1000.000000000000000 ) ;
#1420 = AXIS2_PLACEMENT_3D ( 'NONE', #974, #740, #386 ) ;
#1421 = EDGE_CURVE ( 'NONE', #351, #647, #45, .T. ) ;
#1422 = CARTESIAN_POINT ( 'NONE',  ( -12.50000000000000200, 0.0000000000000000000, 5.250000000000000000 ) ) ;
#1423 = DIRECTION ( 'NONE',  ( 0.0000000000000000000, -0.0000000000000000000, -1.000000000000000000 ) ) ;
#1424 = ORIENTED_EDGE ( 'NONE', *, *, #975, .T. ) ;
#1425 = DIRECTION ( 'NONE',  ( 0.0000000000000000000, 0.0000000000000000000, 1.000000000000000000 ) ) ;
#1426 = ORIENTED_EDGE ( 'NONE', *, *, #888, .F. ) ;
#1427 = DIRECTION ( 'NONE',  ( -9.637352644315600200E-017, -1.000000000000000000, 0.0000000000000000000 ) ) ;
#1428 = AXIS2_PLACEMENT_3D ( 'NONE', #513, #1001, #1119 ) ;
#1429 = COLOUR_RGB ( '',0.7921568627450980000, 0.8196078431372548800, 0.9333333333333333500 ) ;
#1430 = LINE ( 'NONE', #1277, #867 ) ;
#1431 = CLOSED_SHELL ( 'NONE', ( #166, #548, #1432, #760, #286, #866, #1316, #1106, #212, #162, #1115, #1461, #204, #422, #38, #50, #194, #843, #992, #503, #413, #152, #856, #492, #389, #303, #1350, #969, #281, #1329, #73, #1143, #1129, #309, #978, #1468, #531, #635, #1352, #404, #88, #1096 ) ) ;
#1432 = ADVANCED_FACE ( 'NONE', ( #980 ), #1346, .F. ) ;
#1433 = EDGE_CURVE ( 'NONE', #337, #1180, #188, .T. ) ;
#1434 = LINE ( 'NONE', #1257, #1069 ) ;
#1435 = DIRECTION ( 'NONE',  ( -1.000000000000000000, -9.637352644315591500E-017, 0.0000000000000000000 ) ) ;
#1436 = LINE ( 'NONE', #775, #541 ) ;
#1437 = VECTOR ( 'NONE', #1324, 1000.000000000000000 ) ;
#1438 = DIRECTION ( 'NONE',  ( 0.0000000000000000000, 0.7071067811865506800, 0.7071067811865443500 ) ) ;
#1439 = APPLICATION_PROTOCOL_DEFINITION ( 'draft international standard', 'automotive_design', 1998, #977 ) ;
#1440 = ORIENTED_EDGE ( 'NONE', *, *, #497, .T. ) ;
#1441 = CARTESIAN_POINT ( 'NONE',  ( -12.50000000000000000, 0.0000000000000000000, -4.250000000000000900 ) ) ;
#1442 = DIRECTION ( 'NONE',  ( -1.000000000000000000, 0.0000000000000000000, 0.0000000000000000000 ) ) ;
#1443 =( GEOMETRIC_REPRESENTATION_CONTEXT ( 3 ) GLOBAL_UNCERTAINTY_ASSIGNED_CONTEXT ( ( #1230 ) ) GLOBAL_UNIT_ASSIGNED_CONTEXT ( ( #1090, #34, #759 ) ) REPRESENTATION_CONTEXT ( 'NONE', 'WORKASPACE' ) );
#1444 = CARTESIAN_POINT ( 'NONE',  ( 13.50000000000000000, 0.0000000000000000000, -4.250000000000000900 ) ) ;
#1445 = EDGE_CURVE ( 'NONE', #1008, #1189, #70, .T. ) ;
#1446 = CARTESIAN_POINT ( 'NONE',  ( 0.0000000000000000000, 0.0000000000000000000, 0.0000000000000000000 ) ) ;
#1447 = EDGE_LOOP ( 'NONE', ( #1406, #296, #451, #928, #586, #153, #658, #468 ) ) ;
#1448 = DIRECTION ( 'NONE',  ( -0.0000000000000000000, 1.000000000000000000, -0.0000000000000000000 ) ) ;
#1449 = EDGE_LOOP ( 'NONE', ( #932, #630 ) ) ;
#1450 = FILL_AREA_STYLE_COLOUR ( '', #1034 ) ;
#1451 = CARTESIAN_POINT ( 'NONE',  ( 12.49999999999999800, 1.200000000000000000, 4.549999999999999800 ) ) ;
#1452 = AXIS2_PLACEMENT_3D ( 'NONE', #29, #600, #1417 ) ;
#1453 = CIRCLE ( 'NONE', #6, 0.4999999999999989500 ) ;
#1454 = AXIS2_PLACEMENT_3D ( 'NONE', #177, #189, #1113 ) ;
#1455 = CIRCLE ( 'NONE', #1194, 1.000000000000000000 ) ;
#1456 =( NAMED_UNIT ( * ) PLANE_ANGLE_UNIT ( ) SI_UNIT ( $, .RADIAN. ) );
#1457 = LINE ( 'NONE', #1262, #77 ) ;
#1458 = LINE ( 'NONE', #920, #1275 ) ;
#1459 = ORIENTED_EDGE ( 'NONE', *, *, #1100, .F. ) ;
#1460 = DIRECTION ( 'NONE',  ( 0.7071067811865462400, 0.7071067811865489100, 1.471961680016036700E-016 ) ) ;
#1461 = ADVANCED_FACE ( 'NONE', ( #801 ), #550, .F. ) ;
#1462 = VERTEX_POINT ( 'NONE', #553 ) ;
#1463 = EDGE_LOOP ( 'NONE', ( #394, #93, #687, #684, #1019, #990, #1227, #1399 ) ) ;
#1464 = ORIENTED_EDGE ( 'NONE', *, *, #200, .F. ) ;
#1465 = VERTEX_POINT ( 'NONE', #329 ) ;
#1466 = CARTESIAN_POINT ( 'NONE',  ( 11.25000000000000000, 1.200000000000000000, 0.0000000000000000000 ) ) ;
#1467 = EDGE_CURVE ( 'NONE', #1469, #1410, #1453, .T. ) ;
#1468 = ADVANCED_FACE ( 'NONE', ( #1374 ), #1310, .F. ) ;
#1469 = VERTEX_POINT ( 'NONE', #28 ) ;
#1470 = EDGE_LOOP ( 'NONE', ( #551, #781, #1402, #521 ) ) ;
#1471 = CARTESIAN_POINT ( 'NONE',  ( 12.50000000000000000, 17.99999999999999300, 5.250000000000000000 ) ) ;
#1472 = VECTOR ( 'NONE', #266, 1000.000000000000000 ) ;
#1473 = LINE ( 'NONE', #939, #828 ) ;
#1474 = VERTEX_POINT ( 'NONE', #631 ) ;
#1475 = EDGE_CURVE ( 'NONE', #1040, #823, #865, .T. ) ;
#1476 = DIRECTION ( 'NONE',  ( -0.7071067811865489100, 0.7071067811865462400, 0.0000000000000000000 ) ) ;
#1477 = LINE ( 'NONE', #620, #374 ) ;
#1478 = LINE ( 'NONE', #577, #330 ) ;
#1479 = PLANE ( 'NONE',  #650 ) ;
#1480 = ORIENTED_EDGE ( 'NONE', *, *, #1261, .F. ) ;
#1481 = CARTESIAN_POINT ( 'NONE',  ( -11.25000000000000000, -19.99999999999999600, 0.0000000000000000000 ) ) ;
#1482 = AXIS2_PLACEMENT_3D ( 'NONE', #289, #508, #302 ) ;
#1483 = CARTESIAN_POINT ( 'NONE',  ( -5.750000000000003600, 1.000000000000000000, 5.250000000000000000 ) ) ;
#1484 = EDGE_CURVE ( 'NONE', #873, #364, #1065, .T. ) ;
#1485 = ORIENTED_EDGE ( 'NONE', *, *, #598, .F. ) ;
#1486 = EDGE_LOOP ( 'NONE', ( #662, #1284, #913, #349, #1101, #703, #1278, #269 ) ) ;
#1487 = DIRECTION ( 'NONE',  ( 0.0000000000000000000, 0.0000000000000000000, -1.000000000000000000 ) ) ;
#1488 = ORIENTED_EDGE ( 'NONE', *, *, #175, .F. ) ;
#1489 = CYLINDRICAL_SURFACE ( 'NONE', #284, 0.3000000000000025400 ) ;
#1490 = EDGE_LOOP ( 'NONE', ( #232, #238, #437, #68 ) ) ;
#1491 = AXIS2_PLACEMENT_3D ( 'NONE', #1483, #1368, #233 ) ;
#1492 = VECTOR ( 'NONE', #821, 1000.000000000000000 ) ;
#1493 = EDGE_CURVE ( 'NONE', #1189, #360, #1182, .T. ) ;
#1494 = VECTOR ( 'NONE', #297, 1000.000000000000000 ) ;
#1495 = ORIENTED_EDGE ( 'NONE', *, *, #325, .F. ) ;
#1496 = EDGE_LOOP ( 'NONE', ( #361, #1199, #332 ) ) ;
#1497 = CARTESIAN_POINT ( 'NONE',  ( -12.50000000000000400, 0.0000000000000000000, 4.549999999999995400 ) ) ;
#1498 = AXIS2_PLACEMENT_3D ( 'NONE', #150, #957, #80 ) ;
#1499 = AXIS2_PLACEMENT_3D ( 'NONE', #336, #1030, #106 ) ;
#1500 = EDGE_CURVE ( 'NONE', #403, #1309, #385, .T. ) ;
#1501 = DIRECTION ( 'NONE',  ( 1.000000000000000000, 0.0000000000000000000, 0.0000000000000000000 ) ) ;
#1502 = DIRECTION ( 'NONE',  ( -0.0000000000000000000, -0.0000000000000000000, -1.000000000000000000 ) ) ;
#1503 = CIRCLE ( 'NONE', #1454, 1.000000000000000000 ) ;
#1504 = DIRECTION ( 'NONE',  ( 1.000000000000000000, 0.0000000000000000000, 0.0000000000000000000 ) ) ;
#1505 = AXIS2_PLACEMENT_3D ( 'NONE', #820, #599, #580 ) ;
#1506 = VECTOR ( 'NONE', #999, 1000.000000000000000 ) ;
#1507 = ORIENTED_EDGE ( 'NONE', *, *, #712, .F. ) ;
#1508 = VECTOR ( 'NONE', #2, 1000.000000000000000 ) ;
#1509 = ORIENTED_EDGE ( 'NONE', *, *, #809, .T. ) ;
#1510 = CARTESIAN_POINT ( 'NONE',  ( -12.50000000000000000, 17.99999999999999300, 4.250000000000000000 ) ) ;
#1511 = EDGE_CURVE ( 'NONE', #305, #1363, #516, .T. ) ;
#1512 = ORIENTED_EDGE ( 'NONE', *, *, #7, .T. ) ;
ENDSEC;
END-ISO-10303-21;
